ano_coleta,fonte_url_pagina,BLOCO,GRUPO,ESTRATÉGIA,UF,MUNICIPIO,CO_MUNICIPIO_IBGE,QT_POPULACAO,NU_ANO_REFERENCIA_IBGE,CNPJ,ENTIDADE,BANCO,AGENCIA,CONTA,TP_REPASSE,TP_REPASSE_ESTADO,ST_FAF,ST_HU,DT_ULTIMA_LIBERACAO,VL_BRUTO,VL_LIQUIDO,VL_SALDO_CONTA,DT_SALDO_CONTA
2020,https://portalfns.saude.gov.br/wp-content/uploads/2021/12/REPASSE-FAF-COM-POPULACAO-2020.csv,Estruturação da Rede de Serviços Públicos de Saúde (INVESTIMENTO),CORONAVÍRUS (COVID-19),CORONAVÍRUS (COVID-19) - SAPS,SP,SOROCABA,355220,695328,2021,12493507000103,FUNDO MUNICIPAL DE SAUDE DE SOROCABA,001,029238,000000470104,MUNICIPAL,N,S,N,21/12/2020,27357,27357,"1766543,99",31/12/2020
2020,https://portalfns.saude.gov.br/wp-content/uploads/2021/12/REPASSE-FAF-COM-POPULACAO-2020.csv,Manutenção das Ações e Serviços Públicos de Saúde (CUSTEIO),ASSISTÊNCIA FARMACÊUTICA,PROMOÇÃO DA ASSISTÊNCIA FARMACÊUTICA E INSUMOS ESTRATÉGICOS NA ATENÇÃO BÁSICA EM SAÚDE,SP,SOROCABA,355220,695328,2021,12493507000103,FUNDO MUNICIPAL DE SAUDE DE SOROCABA,001,029238,000000470090,MUNICIPAL,N,S,N,2/12/2020,"1336110,08","1336110,08","41861816,45",31/12/2020
2020,https://portalfns.saude.gov.br/wp-content/uploads/2021/12/REPASSE-FAF-COM-POPULACAO-2020.csv,Manutenção das Ações e Serviços Públicos de Saúde (CUSTEIO),ASSISTÊNCIA FARMACÊUTICA,PROMOÇÃO DA ASSISTÊNCIA FARMACÊUTICA E INSUMOS ESTRATÉGICOS NA ATENÇÃO BÁSICA EM SAÚDE,SP,SOROCABA,355220,695328,2021,12493507000103,FUNDO MUNICIPAL DE SAUDE DE SOROCABA,104,003565,0066240211,MUNICIPAL,N,S,N,5/08/2020,"2672220,16","2672220,16",0,31/12/2020
2020,https://portalfns.saude.gov.br/wp-content/uploads/2021/12/REPASSE-FAF-COM-POPULACAO-2020.csv,Manutenção das Ações e Serviços Públicos de Saúde (CUSTEIO),ATENÇÃO BÁSICA,AGENTE COMUNITÁRIO DE SAÚDE,SP,SOROCABA,355220,695328,2021,12493507000103,FUNDO MUNICIPAL DE SAUDE DE SOROCABA,104,003565,0066240211,MUNICIPAL,N,S,N,3/08/2020,1328600,1328600,0,31/12/2020
2020,https://portalfns.saude.gov.br/wp-content/uploads/2021/12/REPASSE-FAF-COM-POPULACAO-2020.csv,Manutenção das Ações e Serviços Públicos de Saúde (CUSTEIO),ATENÇÃO BÁSICA,AGENTE COMUNITÁRIO DE SAÚDE,SP,SOROCABA,355220,695328,2021,12493507000103,FUNDO MUNICIPAL DE SAUDE DE SOROCABA,001,029238,000000470090,MUNICIPAL,N,S,N,31/12/2020,1313200,1313200,"41861816,45",31/12/2020
2020,https://portalfns.saude.gov.br/wp-content/uploads/2021/12/REPASSE-FAF-COM-POPULACAO-2020.csv,Manutenção das Ações e Serviços Públicos de Saúde (CUSTEIO),ATENÇÃO BÁSICA,EXPANSÃO E CONSOLIDAÇÃO DA ATENÇÃO BÁSICA (POLÍTICA NACIONAL DE ATB - PNAB),SP,SOROCABA,355220,695328,2021,12493507000103,FUNDO MUNICIPAL DE SAUDE DE SOROCABA,001,029238,000000470090,MUNICIPAL,N,S,N,21/12/2020,14000,14000,"41861816,45",31/12/2020
2020,https://portalfns.saude.gov.br/wp-content/uploads/2021/12/REPASSE-FAF-COM-POPULACAO-2020.csv,Manutenção das Ações e Serviços Públicos de Saúde (CUSTEIO),ATENÇÃO BÁSICA,IMPLEMENTACAO DE POLITICAS DE PROMOCAO DA EQU - SAPS,SP,SOROCABA,355220,695328,2021,12493507000103,FUNDO MUNICIPAL DE SAUDE DE SOROCABA,001,029238,000000470090,MUNICIPAL,N,S,N,28/12/2020,10000,10000,"41861816,45",31/12/2020
2020,https://portalfns.saude.gov.br/wp-content/uploads/2021/12/REPASSE-FAF-COM-POPULACAO-2020.csv,Manutenção das Ações e Serviços Públicos de Saúde (CUSTEIO),ATENÇÃO BÁSICA,IMPLEMENTAÇÃO DE POLÍTICAS PARA A REDE CEGONHA,SP,SOROCABA,355220,695328,2021,12493507000103,FUNDO MUNICIPAL DE SAUDE DE SOROCABA,001,029238,000000470090,MUNICIPAL,N,S,N,28/12/2020,"14306,5","14306,5","41861816,45",31/12/2020
2020,https://portalfns.saude.gov.br/wp-content/uploads/2021/12/REPASSE-FAF-COM-POPULACAO-2020.csv,Manutenção das Ações e Serviços Públicos de Saúde (CUSTEIO),ATENÇÃO BÁSICA,INCENTIVO FINANCEIRO DA APS - CAPITAÇÃO PONDERADA,SP,SOROCABA,355220,695328,2021,12493507000103,FUNDO MUNICIPAL DE SAUDE DE SOROCABA,001,029238,000000470090,MUNICIPAL,N,S,N,31/12/2020,"483352,79","483352,79","41861816,45",31/12/2020
2020,https://portalfns.saude.gov.br/wp-content/uploads/2021/12/REPASSE-FAF-COM-POPULACAO-2020.csv,Manutenção das Ações e Serviços Públicos de Saúde (CUSTEIO),ATENÇÃO BÁSICA,INCENTIVO FINANCEIRO DA APS - CAPITAÇÃO PONDERADA,SP,SOROCABA,355220,695328,2021,12493507000103,FUNDO MUNICIPAL DE SAUDE DE SOROCABA,104,003565,0066240211,MUNICIPAL,N,S,N,3/08/2020,"193540,85","193540,85",0,31/12/2020
2020,https://portalfns.saude.gov.br/wp-content/uploads/2021/12/REPASSE-FAF-COM-POPULACAO-2020.csv,Manutenção das Ações e Serviços Públicos de Saúde (CUSTEIO),ATENÇÃO BÁSICA,INCENTIVO FINANCEIRO DA APS - DESEMPENHO,SP,SOROCABA,355220,695328,2021,12493507000103,FUNDO MUNICIPAL DE SAUDE DE SOROCABA,001,029238,000000470090,MUNICIPAL,N,S,N,31/12/2020,"168740,08","168740,08","41861816,45",31/12/2020
2020,https://portalfns.saude.gov.br/wp-content/uploads/2021/12/REPASSE-FAF-COM-POPULACAO-2020.csv,Manutenção das Ações e Serviços Públicos de Saúde (CUSTEIO),ATENÇÃO BÁSICA,INCENTIVO FINANCEIRO DA APS - FATOR COMPENSATÓRIO DE TRANSIÇÃO,SP,SOROCABA,355220,695328,2021,12493507000103,FUNDO MUNICIPAL DE SAUDE DE SOROCABA,001,029238,000000470090,MUNICIPAL,N,S,N,21/12/2020,"7439379,34","7439379,34","41861816,45",31/12/2020
2020,https://portalfns.saude.gov.br/wp-content/uploads/2021/12/REPASSE-FAF-COM-POPULACAO-2020.csv,Manutenção das Ações e Serviços Públicos de Saúde (CUSTEIO),ATENÇÃO BÁSICA,INCENTIVO FINANCEIRO DA APS - FATOR COMPENSATÓRIO DE TRANSIÇÃO,SP,SOROCABA,355220,695328,2021,12493507000103,FUNDO MUNICIPAL DE SAUDE DE SOROCABA,104,003565,0066240211,MUNICIPAL,N,S,N,4/08/2020,"10708157,75","10708157,75",0,31/12/2020
2020,https://portalfns.saude.gov.br/wp-content/uploads/2021/12/REPASSE-FAF-COM-POPULACAO-2020.csv,Manutenção das Ações e Serviços Públicos de Saúde (CUSTEIO),ATENÇÃO BÁSICA,INCENTIVO PARA AÇÕES ESTRATÉGICAS,SP,SOROCABA,355220,695328,2021,12493507000103,FUNDO MUNICIPAL DE SAUDE DE SOROCABA,001,029238,000000470090,MUNICIPAL,N,S,N,21/12/2020,"801252,26","801252,26","41861816,45",31/12/2020
2020,https://portalfns.saude.gov.br/wp-content/uploads/2021/12/REPASSE-FAF-COM-POPULACAO-2020.csv,Manutenção das Ações e Serviços Públicos de Saúde (CUSTEIO),ATENÇÃO BÁSICA,INCENTIVO PARA AÇÕES ESTRATÉGICAS,SP,SOROCABA,355220,695328,2021,12493507000103,FUNDO MUNICIPAL DE SAUDE DE SOROCABA,104,003565,0066240211,MUNICIPAL,N,S,N,4/08/2020,"865074,05","865074,05",0,31/12/2020
2020,https://portalfns.saude.gov.br/wp-content/uploads/2021/12/REPASSE-FAF-COM-POPULACAO-2020.csv,Manutenção das Ações e Serviços Públicos de Saúde (CUSTEIO),ATENÇÃO BÁSICA,INCREMENTO TEMPORÁRIO AO CUSTEIO DOS SERVIÇOS DE ATENÇÃO BÁSICA EM SAÚDE,SP,SOROCABA,355220,695328,2021,12493507000103,FUNDO MUNICIPAL DE SAUDE DE SOROCABA,104,003565,0066240211,MUNICIPAL,N,S,N,23/04/2020,1350000,1350000,0,31/12/2020
2020,https://portalfns.saude.gov.br/wp-content/uploads/2021/12/REPASSE-FAF-COM-POPULACAO-2020.csv,Manutenção das Ações e Serviços Públicos de Saúde (CUSTEIO),ATENÇÃO BÁSICA,PISO DE ATENÇÃO BÁSICA VARIÁVEL - PAB,SP,SOROCABA,355220,695328,2021,12493507000103,FUNDO MUNICIPAL DE SAUDE DE SOROCABA,104,003565,0066240211,MUNICIPAL,N,S,N,6/01/2020,"484546,8","484546,8",0,31/12/2020
2020,https://portalfns.saude.gov.br/wp-content/uploads/2021/12/REPASSE-FAF-COM-POPULACAO-2020.csv,Manutenção das Ações e Serviços Públicos de Saúde (CUSTEIO),ATENÇÃO BÁSICA,PROGRAMA DE INFORMATIZAÇÃO DA APS,SP,SOROCABA,355220,695328,2021,12493507000103,FUNDO MUNICIPAL DE SAUDE DE SOROCABA,104,003565,0066240211,MUNICIPAL,N,S,N,4/08/2020,127500,127500,0,31/12/2020
2020,https://portalfns.saude.gov.br/wp-content/uploads/2021/12/REPASSE-FAF-COM-POPULACAO-2020.csv,Manutenção das Ações e Serviços Públicos de Saúde (CUSTEIO),ATENÇÃO BÁSICA,PROGRAMA DE INFORMATIZAÇÃO DA APS,SP,SOROCABA,355220,695328,2021,12493507000103,FUNDO MUNICIPAL DE SAUDE DE SOROCABA,001,029238,000000470090,MUNICIPAL,N,S,N,2/12/2020,246500,246500,"41861816,45",31/12/2020
2020,https://portalfns.saude.gov.br/wp-content/uploads/2021/12/REPASSE-FAF-COM-POPULACAO-2020.csv,Manutenção das Ações e Serviços Públicos de Saúde (CUSTEIO),ATENÇÃO DE MÉDIA E ALTA COMPLEXIDADE AMBULATORIAL E HOSPITALAR,ATENÇÃO À SAÚDE DA POPULAÇÃO PARA PROCEDIMENTOS NO MAC,SP,SOROCABA,355220,695328,2021,12493507000103,FUNDO MUNICIPAL DE SAUDE DE SOROCABA,104,003565,0066240211,MUNICIPAL,N,S,N,1/07/2020,"62380589,69","59765485,75",0,31/12/2020
2020,https://portalfns.saude.gov.br/wp-content/uploads/2021/12/REPASSE-FAF-COM-POPULACAO-2020.csv,Manutenção das Ações e Serviços Públicos de Saúde (CUSTEIO),ATENÇÃO DE MÉDIA E ALTA COMPLEXIDADE AMBULATORIAL E HOSPITALAR,ATENÇÃO À SAÚDE DA POPULAÇÃO PARA PROCEDIMENTOS NO MAC,SP,SOROCABA,355220,695328,2021,12493507000103,FUNDO MUNICIPAL DE SAUDE DE SOROCABA,001,029238,000000470090,MUNICIPAL,N,S,N,4/12/2020,"44931623,81","42982398,51","41861816,45",31/12/2020
2020,https://portalfns.saude.gov.br/wp-content/uploads/2021/12/REPASSE-FAF-COM-POPULACAO-2020.csv,Manutenção das Ações e Serviços Públicos de Saúde (CUSTEIO),ATENÇÃO DE MÉDIA E ALTA COMPLEXIDADE AMBULATORIAL E HOSPITALAR,FAEC - CIRURGIAS ELETIVAS,SP,SOROCABA,355220,695328,2021,12493507000103,FUNDO MUNICIPAL DE SAUDE DE SOROCABA,104,003565,0066240211,MUNICIPAL,N,S,N,13/07/2020,"5976,15","5976,15",0,31/12/2020
2020,https://portalfns.saude.gov.br/wp-content/uploads/2021/12/REPASSE-FAF-COM-POPULACAO-2020.csv,Manutenção das Ações e Serviços Públicos de Saúde (CUSTEIO),ATENÇÃO DE MÉDIA E ALTA COMPLEXIDADE AMBULATORIAL E HOSPITALAR,FAEC - CIRURGIAS ELETIVAS,SP,SOROCABA,355220,695328,2021,12493507000103,FUNDO MUNICIPAL DE SAUDE DE SOROCABA,001,029238,000000470090,MUNICIPAL,N,S,N,12/08/2020,"1992,05","1992,05","41861816,45",31/12/2020
2020,https://portalfns.saude.gov.br/wp-content/uploads/2021/12/REPASSE-FAF-COM-POPULACAO-2020.csv,Manutenção das Ações e Serviços Públicos de Saúde (CUSTEIO),ATENÇÃO DE MÉDIA E ALTA COMPLEXIDADE AMBULATORIAL E HOSPITALAR,"FAEC - TRANSPLANTES DE ORGÃOS, TECIDOS E CELULAS",SP,SOROCABA,355220,695328,2021,12493507000103,FUNDO MUNICIPAL DE SAUDE DE SOROCABA,001,029238,000000470090,MUNICIPAL,N,S,N,16/12/2020,"2368831,33","2368831,33","41861816,45",31/12/2020
2020,https://portalfns.saude.gov.br/wp-content/uploads/2021/12/REPASSE-FAF-COM-POPULACAO-2020.csv,Manutenção das Ações e Serviços Públicos de Saúde (CUSTEIO),ATENÇÃO DE MÉDIA E ALTA COMPLEXIDADE AMBULATORIAL E HOSPITALAR,"FAEC - TRANSPLANTES DE ORGÃOS, TECIDOS E CELULAS",SP,SOROCABA,355220,695328,2021,12493507000103,FUNDO MUNICIPAL DE SAUDE DE SOROCABA,104,003565,0066240211,MUNICIPAL,N,S,N,13/07/2020,"3586085,06","3388658,16",0,31/12/2020
2020,https://portalfns.saude.gov.br/wp-content/uploads/2021/12/REPASSE-FAF-COM-POPULACAO-2020.csv,Manutenção das Ações e Serviços Públicos de Saúde (CUSTEIO),ATENÇÃO DE MÉDIA E ALTA COMPLEXIDADE AMBULATORIAL E HOSPITALAR,INCREMENTO TEMPORÁRIO AO CUSTEIO DOS SERVIÇOS DE ASSISTÊNCIA HOSPITALAR E AMBULATORIAL,SP,SOROCABA,355220,695328,2021,12493507000103,FUNDO MUNICIPAL DE SAUDE DE SOROCABA,104,003565,0066240211,MUNICIPAL,N,S,N,30/04/2020,2300000,2300000,0,31/12/2020
2020,https://portalfns.saude.gov.br/wp-content/uploads/2021/12/REPASSE-FAF-COM-POPULACAO-2020.csv,Manutenção das Ações e Serviços Públicos de Saúde (CUSTEIO),ATENÇÃO DE MÉDIA E ALTA COMPLEXIDADE AMBULATORIAL E HOSPITALAR,SAMU 192,SP,SOROCABA,355220,695328,2021,12493507000103,FUNDO MUNICIPAL DE SAUDE DE SOROCABA,104,003565,0066240211,MUNICIPAL,N,S,N,4/08/2020,1857800,1857800,0,31/12/2020
2020,https://portalfns.saude.gov.br/wp-content/uploads/2021/12/REPASSE-FAF-COM-POPULACAO-2020.csv,Manutenção das Ações e Serviços Públicos de Saúde (CUSTEIO),ATENÇÃO DE MÉDIA E ALTA COMPLEXIDADE AMBULATORIAL E HOSPITALAR,SAMU 192,SP,SOROCABA,355220,695328,2021,12493507000103,FUNDO MUNICIPAL DE SAUDE DE SOROCABA,001,029238,000000470090,MUNICIPAL,N,S,N,4/12/2020,928900,928900,"41861816,45",31/12/2020
2020,https://portalfns.saude.gov.br/wp-content/uploads/2021/12/REPASSE-FAF-COM-POPULACAO-2020.csv,Manutenção das Ações e Serviços Públicos de Saúde (CUSTEIO),CORONAVÍRUS (COVID-19),CORONAVÍRUS (COVID-19),SP,SOROCABA,355220,695328,2021,12493507000103,FUNDO MUNICIPAL DE SAUDE DE SOROCABA,104,003565,0066240211,MUNICIPAL,N,S,N,14/07/2020,"19170691,73","19170691,73",0,31/12/2020
2020,https://portalfns.saude.gov.br/wp-content/uploads/2021/12/REPASSE-FAF-COM-POPULACAO-2020.csv,Manutenção das Ações e Serviços Públicos de Saúde (CUSTEIO),CORONAVÍRUS (COVID-19),CORONAVÍRUS (COVID-19),SP,SOROCABA,355220,695328,2021,12493507000103,FUNDO MUNICIPAL DE SAUDE DE SOROCABA,001,029238,000000470090,MUNICIPAL,N,S,N,29/10/2020,12029249,12029249,"41861816,45",31/12/2020
2020,https://portalfns.saude.gov.br/wp-content/uploads/2021/12/REPASSE-FAF-COM-POPULACAO-2020.csv,Manutenção das Ações e Serviços Públicos de Saúde (CUSTEIO),CORONAVÍRUS (COVID-19),CORONAVÍRUS (COVID-19) - SAES,SP,SOROCABA,355220,695328,2021,12493507000103,FUNDO MUNICIPAL DE SAUDE DE SOROCABA,104,003565,0066240211,MUNICIPAL,N,S,N,3/06/2020,"4990206,97","4990206,97",0,31/12/2020
2020,https://portalfns.saude.gov.br/wp-content/uploads/2021/12/REPASSE-FAF-COM-POPULACAO-2020.csv,Manutenção das Ações e Serviços Públicos de Saúde (CUSTEIO),CORONAVÍRUS (COVID-19),CORONAVÍRUS (COVID-19) - SAPS,SP,SOROCABA,355220,695328,2021,12493507000103,FUNDO MUNICIPAL DE SAUDE DE SOROCABA,001,029238,000000470090,MUNICIPAL,N,S,N,24/12/2020,2213712,2213712,"41861816,45",31/12/2020
2020,https://portalfns.saude.gov.br/wp-content/uploads/2021/12/REPASSE-FAF-COM-POPULACAO-2020.csv,Manutenção das Ações e Serviços Públicos de Saúde (CUSTEIO),CORONAVÍRUS (COVID-19),CORONAVIRUS (COVID-19) - SCTIE,SP,SOROCABA,355220,695328,2021,12493507000103,FUNDO MUNICIPAL DE SAUDE DE SOROCABA,001,029238,000000470090,MUNICIPAL,N,S,N,30/09/2020,"2103312,42","2103312,42","41861816,45",31/12/2020
2020,https://portalfns.saude.gov.br/wp-content/uploads/2021/12/REPASSE-FAF-COM-POPULACAO-2020.csv,Manutenção das Ações e Serviços Públicos de Saúde (CUSTEIO),CORONAVÍRUS (COVID-19),CORONAVÍRUS (COVID-19) - SVS,SP,SOROCABA,355220,695328,2021,12493507000103,FUNDO MUNICIPAL DE SAUDE DE SOROCABA,001,029238,000000470090,MUNICIPAL,N,S,N,21/10/2020,1800000,1800000,"41861816,45",31/12/2020
2020,https://portalfns.saude.gov.br/wp-content/uploads/2021/12/REPASSE-FAF-COM-POPULACAO-2020.csv,Manutenção das Ações e Serviços Públicos de Saúde (CUSTEIO),GESTÃO DO SUS,IMPLEMENTAÇÃO DA SEGURANÇA ALIMENTAR E NUTRICIONAL NA SAÚDE,SP,SOROCABA,355220,695328,2021,12493507000103,FUNDO MUNICIPAL DE SAUDE DE SOROCABA,104,003565,0066240211,MUNICIPAL,N,S,N,5/05/2020,60000,60000,0,31/12/2020
2020,https://portalfns.saude.gov.br/wp-content/uploads/2021/12/REPASSE-FAF-COM-POPULACAO-2020.csv,Manutenção das Ações e Serviços Públicos de Saúde (CUSTEIO),GESTÃO DO SUS,IMPLEMENTAÇÃO DA SEGURANÇA ALIMENTAR E NUTRICIONAL NA SAÚDE,SP,SOROCABA,355220,695328,2021,12493507000103,FUNDO MUNICIPAL DE SAUDE DE SOROCABA,001,029238,000000470090,MUNICIPAL,N,S,N,14/12/2020,27000,27000,"41861816,45",31/12/2020
2020,https://portalfns.saude.gov.br/wp-content/uploads/2021/12/REPASSE-FAF-COM-POPULACAO-2020.csv,Manutenção das Ações e Serviços Públicos de Saúde (CUSTEIO),VIGILÂNCIA EM SAÚDE,"ASSISTÊNCIA FINANCEIRA COMPLEMENTAR AOS ESTADOS, DISTRITO FEDERAL E MUNICÍPIOS PARA AGENTES DE COMBATE ÀS ENDEMIAS",SP,SOROCABA,355220,695328,2021,12493507000103,FUNDO MUNICIPAL DE SAUDE DE SOROCABA,001,029238,000000470090,MUNICIPAL,N,S,N,3/12/2020,844200,844200,"41861816,45",31/12/2020
2020,https://portalfns.saude.gov.br/wp-content/uploads/2021/12/REPASSE-FAF-COM-POPULACAO-2020.csv,Manutenção das Ações e Serviços Públicos de Saúde (CUSTEIO),VIGILÂNCIA EM SAÚDE,"ASSISTÊNCIA FINANCEIRA COMPLEMENTAR AOS ESTADOS, DISTRITO FEDERAL E MUNICÍPIOS PARA AGENTES DE COMBATE ÀS ENDEMIAS",SP,SOROCABA,355220,695328,2021,12493507000103,FUNDO MUNICIPAL DE SAUDE DE SOROCABA,104,003565,0066240211,MUNICIPAL,N,S,N,5/08/2020,1346400,1346400,0,31/12/2020
2020,https://portalfns.saude.gov.br/wp-content/uploads/2021/12/REPASSE-FAF-COM-POPULACAO-2020.csv,Manutenção das Ações e Serviços Públicos de Saúde (CUSTEIO),VIGILÂNCIA EM SAÚDE,"INCENTIVO FINANCEIRO AOS ESTADOS, DISTRITO FEDERAL E MUNICÍPIOS EXECUÇÃO AÇÕES VIGILÂNCIA SANITÁRIA",SP,SOROCABA,355220,695328,2021,12493507000103,FUNDO MUNICIPAL DE SAUDE DE SOROCABA,104,003565,0066240211,MUNICIPAL,N,S,N,23/07/2020,"203813,4","203813,4",0,31/12/2020
2020,https://portalfns.saude.gov.br/wp-content/uploads/2021/12/REPASSE-FAF-COM-POPULACAO-2020.csv,Manutenção das Ações e Serviços Públicos de Saúde (CUSTEIO),VIGILÂNCIA EM SAÚDE,"INCENTIVO FINANCEIRO AOS ESTADOS, DISTRITO FEDERAL E MUNICÍPIOS EXECUÇÃO AÇÕES VIGILÂNCIA SANITÁRIA",SP,SOROCABA,355220,695328,2021,12493507000103,FUNDO MUNICIPAL DE SAUDE DE SOROCABA,001,029238,000000470090,MUNICIPAL,N,S,N,14/12/2020,"255337,43","255337,43","41861816,45",31/12/2020
2020,https://portalfns.saude.gov.br/wp-content/uploads/2021/12/REPASSE-FAF-COM-POPULACAO-2020.csv,Manutenção das Ações e Serviços Públicos de Saúde (CUSTEIO),VIGILÂNCIA EM SAÚDE,"INCENTIVO FINANCEIRO AOS ESTADOS, DISTRITO FEDERAL E MUNICÍPIOS PARA A VIGILÂNCIA EM SAÚDE - DESPESAS DIVERSAS",SP,SOROCABA,355220,695328,2021,12493507000103,FUNDO MUNICIPAL DE SAUDE DE SOROCABA,001,029238,000000470090,MUNICIPAL,N,S,N,13/11/2020,"590605,46","590605,46","41861816,45",31/12/2020
2020,https://portalfns.saude.gov.br/wp-content/uploads/2021/12/REPASSE-FAF-COM-POPULACAO-2020.csv,Manutenção das Ações e Serviços Públicos de Saúde (CUSTEIO),VIGILÂNCIA EM SAÚDE,"INCENTIVO FINANCEIRO AOS ESTADOS, DISTRITO FEDERAL E MUNICÍPIOS PARA A VIGILÂNCIA EM SAÚDE - DESPESAS DIVERSAS",SP,SOROCABA,355220,695328,2021,12493507000103,FUNDO MUNICIPAL DE SAUDE DE SOROCABA,104,003565,0066240211,MUNICIPAL,N,S,N,20/07/2020,"748507,76","748507,76",0,31/12/2020
2020,https://portalfns.saude.gov.br/wp-content/uploads/2021/12/REPASSE-FAF-COM-POPULACAO-2020.csv,Manutenção das Ações e Serviços Públicos de Saúde (CUSTEIO),VIGILÂNCIA EM SAÚDE,INCENTIVO FINANCEIRO ÀS AÇÕES DE VIGILÂNCIA E PREVENÇÃO E CONTROLE DAS DST/AIDS E HEPATITES VIRAIS,SP,SOROCABA,355220,695328,2021,12493507000103,FUNDO MUNICIPAL DE SAUDE DE SOROCABA,104,003565,0066240211,MUNICIPAL,N,S,N,4/08/2020,"553769,6","553769,6",0,31/12/2020
2020,https://portalfns.saude.gov.br/wp-content/uploads/2021/12/REPASSE-FAF-COM-POPULACAO-2020.csv,Manutenção das Ações e Serviços Públicos de Saúde (CUSTEIO),VIGILÂNCIA EM SAÚDE,INCENTIVO FINANCEIRO ÀS AÇÕES DE VIGILÂNCIA E PREVENÇÃO E CONTROLE DAS DST/AIDS E HEPATITES VIRAIS,SP,SOROCABA,355220,695328,2021,12493507000103,FUNDO MUNICIPAL DE SAUDE DE SOROCABA,001,029238,000000470090,MUNICIPAL,N,S,N,1/12/2020,"276884,8","276884,8","41861816,45",31/12/2020
2021,https://portalfns.saude.gov.br/wp-content/uploads/2022/01/REPASSE-FAF-COM-POPULACAO-2021-1.csv,Estruturação da Rede de Serviços Públicos de Saúde (INVESTIMENTO),ATENÇÃO BÁSICA,ESTRUTURAÇÃO DA REDE DE SERVIÇOS DE ATENÇÃO BÁSICA DE SAÚDE,SP,SOROCABA,355220,695328,2021,12493507000103,FUNDO MUNICIPAL DE SAUDE DE SOROCABA,001,029238,000000470104,MUNICIPAL,N,S,N,20/08/2021,227000,227000,"1943367,65",31/12/2021
2021,https://portalfns.saude.gov.br/wp-content/uploads/2022/01/REPASSE-FAF-COM-POPULACAO-2021-1.csv,Estruturação da Rede de Serviços Públicos de Saúde (INVESTIMENTO),ATENÇÃO ESPECIALIZADA,ESTRUTURAÇÃO DE UNIDADES DE ATENÇÃO ESPECIALIZADA EM SAÚDE,SP,SOROCABA,355220,695328,2021,12493507000103,FUNDO MUNICIPAL DE SAUDE DE SOROCABA,001,029238,000000470104,MUNICIPAL,N,S,N,20/10/2021,50000,50000,"1943367,65",31/12/2021
2021,https://portalfns.saude.gov.br/wp-content/uploads/2022/01/REPASSE-FAF-COM-POPULACAO-2021-1.csv,Manutenção das Ações e Serviços Públicos de Saúde (CUSTEIO),ASSISTÊNCIA FARMACÊUTICA,PROMOÇÃO DA ASSISTÊNCIA FARMACÊUTICA E INSUMOS ESTRATÉGICOS NA ATENÇÃO BÁSICA EM SAÚDE,SP,SOROCABA,355220,695328,2021,12493507000103,FUNDO MUNICIPAL DE SAUDE DE SOROCABA,001,029238,000000470090,MUNICIPAL,N,S,N,1/12/2021,"4008330,24","4008330,24","57181406,23",31/12/2021
2021,https://portalfns.saude.gov.br/wp-content/uploads/2022/01/REPASSE-FAF-COM-POPULACAO-2021-1.csv,Manutenção das Ações e Serviços Públicos de Saúde (CUSTEIO),ATENÇÃO BÁSICA,AGENTE COMUNITÁRIO DE SAÚDE,SP,SOROCABA,355220,695328,2021,12493507000103,FUNDO MUNICIPAL DE SAUDE DE SOROCABA,001,029238,000000470090,MUNICIPAL,N,S,N,2/12/2021,2848900,2848900,"57181406,23",31/12/2021
2021,https://portalfns.saude.gov.br/wp-content/uploads/2022/01/REPASSE-FAF-COM-POPULACAO-2021-1.csv,Manutenção das Ações e Serviços Públicos de Saúde (CUSTEIO),ATENÇÃO BÁSICA,CORONAVIRUS (COVID-19) - SAPS,SP,SOROCABA,355220,695328,2021,12493507000103,FUNDO MUNICIPAL DE SAUDE DE SOROCABA,001,029238,000000470090,MUNICIPAL,N,S,N,17/05/2021,"2115385,1","2115385,1","57181406,23",31/12/2021
2021,https://portalfns.saude.gov.br/wp-content/uploads/2022/01/REPASSE-FAF-COM-POPULACAO-2021-1.csv,Manutenção das Ações e Serviços Públicos de Saúde (CUSTEIO),ATENÇÃO BÁSICA,IMPLEMENTACAO DE POLITICAS DE ATENCAO A SAUDE DO ADOLESCENTE E JOVEM,SP,SOROCABA,355220,695328,2021,12493507000103,FUNDO MUNICIPAL DE SAUDE DE SOROCABA,001,029238,000000470090,MUNICIPAL,N,S,N,30/12/2021,"9872,82","9872,82","57181406,23",31/12/2021
2021,https://portalfns.saude.gov.br/wp-content/uploads/2022/01/REPASSE-FAF-COM-POPULACAO-2021-1.csv,Manutenção das Ações e Serviços Públicos de Saúde (CUSTEIO),ATENÇÃO BÁSICA,IMPLEMENTACAO DE POLITICAS PARA A REDE CEGONHA,SP,SOROCABA,355220,695328,2021,12493507000103,FUNDO MUNICIPAL DE SAUDE DE SOROCABA,001,029238,000000470090,MUNICIPAL,N,S,N,6/08/2021,"9231,11","9231,11","57181406,23",31/12/2021
2021,https://portalfns.saude.gov.br/wp-content/uploads/2022/01/REPASSE-FAF-COM-POPULACAO-2021-1.csv,Manutenção das Ações e Serviços Públicos de Saúde (CUSTEIO),ATENÇÃO BÁSICA,INCENTIVO FINANCEIRO DA APS - CAPITAÇÃO PONDERADA,SP,SOROCABA,355220,695328,2021,12493507000103,FUNDO MUNICIPAL DE SAUDE DE SOROCABA,001,029238,000000470090,MUNICIPAL,N,S,N,2/12/2021,"12419806,7","12419806,7","57181406,23",31/12/2021
2021,https://portalfns.saude.gov.br/wp-content/uploads/2022/01/REPASSE-FAF-COM-POPULACAO-2021-1.csv,Manutenção das Ações e Serviços Públicos de Saúde (CUSTEIO),ATENÇÃO BÁSICA,INCENTIVO FINANCEIRO DA APS - DESEMPENHO,SP,SOROCABA,355220,695328,2021,12493507000103,FUNDO MUNICIPAL DE SAUDE DE SOROCABA,001,029238,000000470090,MUNICIPAL,N,S,N,3/12/2021,"1435935,75","1435935,75","57181406,23",31/12/2021
2021,https://portalfns.saude.gov.br/wp-content/uploads/2022/01/REPASSE-FAF-COM-POPULACAO-2021-1.csv,Manutenção das Ações e Serviços Públicos de Saúde (CUSTEIO),ATENÇÃO BÁSICA,INCENTIVO PARA AÇÕES ESTRATÉGICAS,SP,SOROCABA,355220,695328,2021,12493507000103,FUNDO MUNICIPAL DE SAUDE DE SOROCABA,001,029238,000000470090,MUNICIPAL,N,S,N,3/12/2021,"2581508,21","2581508,21","57181406,23",31/12/2021
2021,https://portalfns.saude.gov.br/wp-content/uploads/2022/01/REPASSE-FAF-COM-POPULACAO-2021-1.csv,Manutenção das Ações e Serviços Públicos de Saúde (CUSTEIO),ATENÇÃO BÁSICA,INCREMENTO TEMPORÁRIO AO CUSTEIO DOS SERVIÇOS DE ATENÇÃO BÁSICA EM SAÚDE,SP,SOROCABA,355220,695328,2021,12493507000103,FUNDO MUNICIPAL DE SAUDE DE SOROCABA,001,029238,000000470090,MUNICIPAL,N,S,N,1/09/2021,450000,450000,"57181406,23",31/12/2021
2021,https://portalfns.saude.gov.br/wp-content/uploads/2022/01/REPASSE-FAF-COM-POPULACAO-2021-1.csv,Manutenção das Ações e Serviços Públicos de Saúde (CUSTEIO),ATENÇÃO BÁSICA,PROGRAMA DE INFORMATIZAÇÃO DA APS,SP,SOROCABA,355220,695328,2021,12493507000103,FUNDO MUNICIPAL DE SAUDE DE SOROCABA,001,029238,000000470090,MUNICIPAL,N,S,N,3/12/2021,394400,394400,"57181406,23",31/12/2021
2021,https://portalfns.saude.gov.br/wp-content/uploads/2022/01/REPASSE-FAF-COM-POPULACAO-2021-1.csv,Manutenção das Ações e Serviços Públicos de Saúde (CUSTEIO),ATENÇÃO DE MÉDIA E ALTA COMPLEXIDADE AMBULATORIAL E HOSPITALAR,ATENÇÃO À SAÚDE DA POPULAÇÃO PARA PROCEDIMENTOS NO MAC,SP,SOROCABA,355220,695328,2021,12493507000103,FUNDO MUNICIPAL DE SAUDE DE SOROCABA,001,029238,000000470090,MUNICIPAL,N,S,N,2/12/2021,"111420308,04","106742167,32","57181406,23",31/12/2021
2021,https://portalfns.saude.gov.br/wp-content/uploads/2022/01/REPASSE-FAF-COM-POPULACAO-2021-1.csv,Manutenção das Ações e Serviços Públicos de Saúde (CUSTEIO),ATENÇÃO DE MÉDIA E ALTA COMPLEXIDADE AMBULATORIAL E HOSPITALAR,CORONAVIRUS (COVID-19) - SAES,SP,SOROCABA,355220,695328,2021,12493507000103,FUNDO MUNICIPAL DE SAUDE DE SOROCABA,001,029238,000000470090,MUNICIPAL,N,S,N,7/07/2021,2783616,2783616,"57181406,23",31/12/2021
2021,https://portalfns.saude.gov.br/wp-content/uploads/2022/01/REPASSE-FAF-COM-POPULACAO-2021-1.csv,Manutenção das Ações e Serviços Públicos de Saúde (CUSTEIO),ATENÇÃO DE MÉDIA E ALTA COMPLEXIDADE AMBULATORIAL E HOSPITALAR,COVID-19 - MEDIDA PROVISORIA N. 1.043 - SAES,SP,SOROCABA,355220,695328,2021,12493507000103,FUNDO MUNICIPAL DE SAUDE DE SOROCABA,001,029238,000000470090,MUNICIPAL,N,S,N,25/08/2021,5495424,5495424,"57181406,23",31/12/2021
2021,https://portalfns.saude.gov.br/wp-content/uploads/2022/01/REPASSE-FAF-COM-POPULACAO-2021-1.csv,Manutenção das Ações e Serviços Públicos de Saúde (CUSTEIO),ATENÇÃO DE MÉDIA E ALTA COMPLEXIDADE AMBULATORIAL E HOSPITALAR,COVID-19 - MEDIDA PROVISORIA N. 1.062 DE 09/08/21 - SAES,SP,SOROCABA,355220,695328,2021,12493507000103,FUNDO MUNICIPAL DE SAUDE DE SOROCABA,001,029238,000000470090,MUNICIPAL,N,S,N,3/12/2021,17010696,17010696,"57181406,23",31/12/2021
2021,https://portalfns.saude.gov.br/wp-content/uploads/2022/01/REPASSE-FAF-COM-POPULACAO-2021-1.csv,Manutenção das Ações e Serviços Públicos de Saúde (CUSTEIO),ATENÇÃO DE MÉDIA E ALTA COMPLEXIDADE AMBULATORIAL E HOSPITALAR,FAEC - CIRURGIA BARIATRICA,SP,SOROCABA,355220,695328,2021,12493507000103,FUNDO MUNICIPAL DE SAUDE DE SOROCABA,001,029238,000000470090,MUNICIPAL,N,S,N,27/12/2021,"6126,59","6126,59","57181406,23",31/12/2021
2021,https://portalfns.saude.gov.br/wp-content/uploads/2022/01/REPASSE-FAF-COM-POPULACAO-2021-1.csv,Manutenção das Ações e Serviços Públicos de Saúde (CUSTEIO),ATENÇÃO DE MÉDIA E ALTA COMPLEXIDADE AMBULATORIAL E HOSPITALAR,FAEC - CIRURGIAS ELETIVAS,SP,SOROCABA,355220,695328,2021,12493507000103,FUNDO MUNICIPAL DE SAUDE DE SOROCABA,001,029238,000000470090,MUNICIPAL,N,S,N,27/12/2021,"16145,18","16145,18","57181406,23",31/12/2021
2021,https://portalfns.saude.gov.br/wp-content/uploads/2022/01/REPASSE-FAF-COM-POPULACAO-2021-1.csv,Manutenção das Ações e Serviços Públicos de Saúde (CUSTEIO),ATENÇÃO DE MÉDIA E ALTA COMPLEXIDADE AMBULATORIAL E HOSPITALAR,FAEC - DIAGNÓSTICO DE TROMBOFILIA EM GESTANTE,SP,SOROCABA,355220,695328,2021,12493507000103,FUNDO MUNICIPAL DE SAUDE DE SOROCABA,001,029238,000000470090,MUNICIPAL,N,S,N,21/09/2021,8340,8340,"57181406,23",31/12/2021
2021,https://portalfns.saude.gov.br/wp-content/uploads/2022/01/REPASSE-FAF-COM-POPULACAO-2021-1.csv,Manutenção das Ações e Serviços Públicos de Saúde (CUSTEIO),ATENÇÃO DE MÉDIA E ALTA COMPLEXIDADE AMBULATORIAL E HOSPITALAR,FAEC - OPME NÃO RELACIONADOS AO ATO CIRÚRGICO,SP,SOROCABA,355220,695328,2021,12493507000103,FUNDO MUNICIPAL DE SAUDE DE SOROCABA,001,029238,000000470090,MUNICIPAL,N,S,N,27/12/2021,"4454,32","4454,32","57181406,23",31/12/2021
2021,https://portalfns.saude.gov.br/wp-content/uploads/2022/01/REPASSE-FAF-COM-POPULACAO-2021-1.csv,Manutenção das Ações e Serviços Públicos de Saúde (CUSTEIO),ATENÇÃO DE MÉDIA E ALTA COMPLEXIDADE AMBULATORIAL E HOSPITALAR,"FAEC - TRANSPLANTES DE ORGÃOS, TECIDOS E CELULAS",SP,SOROCABA,355220,695328,2021,12493507000103,FUNDO MUNICIPAL DE SAUDE DE SOROCABA,001,029238,000000470090,MUNICIPAL,N,S,N,27/12/2021,"4738206,63","4738206,63","57181406,23",31/12/2021
2021,https://portalfns.saude.gov.br/wp-content/uploads/2022/01/REPASSE-FAF-COM-POPULACAO-2021-1.csv,Manutenção das Ações e Serviços Públicos de Saúde (CUSTEIO),ATENÇÃO DE MÉDIA E ALTA COMPLEXIDADE AMBULATORIAL E HOSPITALAR,INCREMENTO TEMPORÁRIO AO CUSTEIO DOS SERVIÇOS DE ASSISTÊNCIA HOSPITALAR E AMBULATORIAL,SP,SOROCABA,355220,695328,2021,12493507000103,FUNDO MUNICIPAL DE SAUDE DE SOROCABA,001,029238,000000470090,MUNICIPAL,N,S,N,28/12/2021,14062988,14062988,"57181406,23",31/12/2021
2021,https://portalfns.saude.gov.br/wp-content/uploads/2022/01/REPASSE-FAF-COM-POPULACAO-2021-1.csv,Manutenção das Ações e Serviços Públicos de Saúde (CUSTEIO),ATENÇÃO DE MÉDIA E ALTA COMPLEXIDADE AMBULATORIAL E HOSPITALAR,SAMU 192,SP,SOROCABA,355220,695328,2021,12493507000103,FUNDO MUNICIPAL DE SAUDE DE SOROCABA,001,029238,000000470090,MUNICIPAL,N,S,N,2/12/2021,2786700,2786700,"57181406,23",31/12/2021
2021,https://portalfns.saude.gov.br/wp-content/uploads/2022/01/REPASSE-FAF-COM-POPULACAO-2021-1.csv,Manutenção das Ações e Serviços Públicos de Saúde (CUSTEIO),GESTÃO DO SUS,IMPLEMENTAÇÃO DA SEGURANÇA ALIMENTAR E NUTRICIONAL NA SAÚDE,SP,SOROCABA,355220,695328,2021,12493507000103,FUNDO MUNICIPAL DE SAUDE DE SOROCABA,001,029238,000000470090,MUNICIPAL,N,S,N,9/07/2021,60000,60000,"57181406,23",31/12/2021
2021,https://portalfns.saude.gov.br/wp-content/uploads/2022/01/REPASSE-FAF-COM-POPULACAO-2021-1.csv,Manutenção das Ações e Serviços Públicos de Saúde (CUSTEIO),VIGILÂNCIA EM SAÚDE,"ASSISTÊNCIA FINANCEIRA COMPLEMENTAR AOS ESTADOS, DISTRITO FEDERAL E MUNICÍPIOS PARA AGENTES DE COMBATE ÀS ENDEMIAS",SP,SOROCABA,355220,695328,2021,12493507000103,FUNDO MUNICIPAL DE SAUDE DE SOROCABA,001,029238,000000470090,MUNICIPAL,N,S,N,2/12/2021,2305600,2305600,"57181406,23",31/12/2021
2021,https://portalfns.saude.gov.br/wp-content/uploads/2022/01/REPASSE-FAF-COM-POPULACAO-2021-1.csv,Manutenção das Ações e Serviços Públicos de Saúde (CUSTEIO),VIGILÂNCIA EM SAÚDE,"INCENTIVO FINANCEIRO AOS ESTADOS, DISTRITO FEDERAL E MUNICÍPIOS EXECUÇÃO AÇÕES VIGILÂNCIA SANITÁRIA",SP,SOROCABA,355220,695328,2021,12493507000103,FUNDO MUNICIPAL DE SAUDE DE SOROCABA,001,029238,000000470090,MUNICIPAL,N,S,N,2/12/2021,"412414,2","412414,2","57181406,23",31/12/2021
2021,https://portalfns.saude.gov.br/wp-content/uploads/2022/01/REPASSE-FAF-COM-POPULACAO-2021-1.csv,Manutenção das Ações e Serviços Públicos de Saúde (CUSTEIO),VIGILÂNCIA EM SAÚDE,"INCENTIVO FINANCEIRO AOS ESTADOS, DISTRITO FEDERAL E MUNICÍPIOS PARA A VIGILÂNCIA EM SAÚDE - DESPESAS DIVERSAS",SP,SOROCABA,355220,695328,2021,12493507000103,FUNDO MUNICIPAL DE SAUDE DE SOROCABA,001,029238,000000470090,MUNICIPAL,N,S,N,22/11/2021,"1337951,83","1337951,83","57181406,23",31/12/2021
2021,https://portalfns.saude.gov.br/wp-content/uploads/2022/01/REPASSE-FAF-COM-POPULACAO-2021-1.csv,Manutenção das Ações e Serviços Públicos de Saúde (CUSTEIO),VIGILÂNCIA EM SAÚDE,INCENTIVO FINANCEIRO ÀS AÇÕES DE VIGILÂNCIA E PREVENÇÃO E CONTROLE DAS DST/AIDS E HEPATITES VIRAIS,SP,SOROCABA,355220,695328,2021,12493507000103,FUNDO MUNICIPAL DE SAUDE DE SOROCABA,001,029238,000000470090,MUNICIPAL,N,S,N,1/12/2021,"830654,4","830654,4","57181406,23",31/12/2021
2022,https://portalfns.saude.gov.br/wp-content/uploads/2023/01/REPASSE-FAF-COM-POPULACAO-v4-2022.csv,Estruturação da Rede de Serviços Públicos de Saúde (INVESTIMENTO),ATENÇÃO ESPECIALIZADA,ESTRUTURAÇÃO DE SERVIÇOS DE ATENÇÃO ÀS URGÊNCIAS E EMERGÊNCIAS NA REDE ASSISTENCIAL,SP,SOROCABA,355220,695328,2021,12493507000103,FUNDO MUNICIPAL DE SAUDE DE SOROCABA,001,029238,000000470104,MUNICIPAL,N,S,N,04/03/22,941736,941736,"3032750,41",30/12/22
2022,https://portalfns.saude.gov.br/wp-content/uploads/2023/01/REPASSE-FAF-COM-POPULACAO-v4-2022.csv,Estruturação da Rede de Serviços Públicos de Saúde (INVESTIMENTO),ATENÇÃO ESPECIALIZADA,ESTRUTURAÇÃO DE UNIDADES DE ATENÇÃO ESPECIALIZADA EM SAÚDE,SP,SOROCABA,355220,695328,2021,12493507000103,FUNDO MUNICIPAL DE SAUDE DE SOROCABA,001,029238,000000470104,MUNICIPAL,N,S,N,22/02/22,639021,639021,"3032750,41",30/12/22
2022,https://portalfns.saude.gov.br/wp-content/uploads/2023/01/REPASSE-FAF-COM-POPULACAO-v4-2022.csv,Estruturação da Rede de Serviços Públicos de Saúde (INVESTIMENTO),ATENÇÃO PRIMÁRIA,ESTRUTURAÇÃO DA REDE DE SERVIÇOS DE ATENÇÃO PRIMÁRIA DE SAÚDE,SP,SOROCABA,355220,695328,2021,12493507000103,FUNDO MUNICIPAL DE SAUDE DE SOROCABA,001,029238,000000470104,MUNICIPAL,N,S,N,23/06/22,31980,31980,"3032750,41",30/12/22
2022,https://portalfns.saude.gov.br/wp-content/uploads/2023/01/REPASSE-FAF-COM-POPULACAO-v4-2022.csv,Manutenção das Ações e Serviços Públicos de Saúde (CUSTEIO),ASSISTÊNCIA FARMACÊUTICA,CV19 - CORONAVIRUS (COVID-19)  ,SP,SOROCABA,355220,695328,2021,12493507000103,FUNDO MUNICIPAL DE SAUDE DE SOROCABA,001,029238,000000470090,MUNICIPAL,N,S,N,15/12/22,"639660,48","639660,48","33054625,49",30/12/22
2022,https://portalfns.saude.gov.br/wp-content/uploads/2023/01/REPASSE-FAF-COM-POPULACAO-v4-2022.csv,Manutenção das Ações e Serviços Públicos de Saúde (CUSTEIO),ASSISTÊNCIA FARMACÊUTICA,PROMOÇÃO DA ASSISTÊNCIA FARMACÊUTICA E INSUMOS ESTRATÉGICOS NA ATENÇÃO PRIMÁRIA EM SAÚDE,SP,SOROCABA,355220,695328,2021,12493507000103,FUNDO MUNICIPAL DE SAUDE DE SOROCABA,001,029238,000000470090,MUNICIPAL,N,S,N,09/12/22,"4008330,24","4008330,24","33054625,49",30/12/22
2022,https://portalfns.saude.gov.br/wp-content/uploads/2023/01/REPASSE-FAF-COM-POPULACAO-v4-2022.csv,Manutenção das Ações e Serviços Públicos de Saúde (CUSTEIO),ATENÇÃO DE MÉDIA E ALTA COMPLEXIDADE AMBULATORIAL E HOSPITALAR,ATENÇÃO À SAÚDE DA POPULAÇÃO PARA PROCEDIMENTOS NO MAC,SP,SOROCABA,355220,695328,2021,12493507000103,FUNDO MUNICIPAL DE SAUDE DE SOROCABA,001,029238,000000470090,MUNICIPAL,N,S,N,06/12/22,"120045717,63","118062747,91","33054625,49",30/12/22
2022,https://portalfns.saude.gov.br/wp-content/uploads/2023/01/REPASSE-FAF-COM-POPULACAO-v4-2022.csv,Manutenção das Ações e Serviços Públicos de Saúde (CUSTEIO),ATENÇÃO DE MÉDIA E ALTA COMPLEXIDADE AMBULATORIAL E HOSPITALAR,COVID-19 - MEDIDA PROVISORIA N. 1.062 DE 09/08/21 - SAES,SP,SOROCABA,355220,695328,2021,12493507000103,FUNDO MUNICIPAL DE SAUDE DE SOROCABA,001,029238,000000470090,MUNICIPAL,N,S,N,03/01/22,960000,960000,"33054625,49",30/12/22
2022,https://portalfns.saude.gov.br/wp-content/uploads/2023/01/REPASSE-FAF-COM-POPULACAO-v4-2022.csv,Manutenção das Ações e Serviços Públicos de Saúde (CUSTEIO),ATENÇÃO DE MÉDIA E ALTA COMPLEXIDADE AMBULATORIAL E HOSPITALAR,CV19 - CORONAVIRUS (COVID-19),SP,SOROCABA,355220,695328,2021,12493507000103,FUNDO MUNICIPAL DE SAUDE DE SOROCABA,001,029238,000000470090,MUNICIPAL,N,S,N,29/07/22,1558900,1558900,"33054625,49",30/12/22
2022,https://portalfns.saude.gov.br/wp-content/uploads/2023/01/REPASSE-FAF-COM-POPULACAO-v4-2022.csv,Manutenção das Ações e Serviços Públicos de Saúde (CUSTEIO),ATENÇÃO DE MÉDIA E ALTA COMPLEXIDADE AMBULATORIAL E HOSPITALAR,FAEC - CIRURGIA BARIATRICA,SP,SOROCABA,355220,695328,2021,12493507000103,FUNDO MUNICIPAL DE SAUDE DE SOROCABA,001,029238,000000470090,MUNICIPAL,N,S,N,21/10/22,"4302,21","4302,21","33054625,49",30/12/22
2022,https://portalfns.saude.gov.br/wp-content/uploads/2023/01/REPASSE-FAF-COM-POPULACAO-v4-2022.csv,Manutenção das Ações e Serviços Públicos de Saúde (CUSTEIO),ATENÇÃO DE MÉDIA E ALTA COMPLEXIDADE AMBULATORIAL E HOSPITALAR,FAEC - DIAGNÓSTICO DE TROMBOFILIA EM GESTANTE,SP,SOROCABA,355220,695328,2021,12493507000103,FUNDO MUNICIPAL DE SAUDE DE SOROCABA,001,029238,000000470090,MUNICIPAL,N,S,N,21/10/22,1850,1850,"33054625,49",30/12/22
2022,https://portalfns.saude.gov.br/wp-content/uploads/2023/01/REPASSE-FAF-COM-POPULACAO-v4-2022.csv,Manutenção das Ações e Serviços Públicos de Saúde (CUSTEIO),ATENÇÃO DE MÉDIA E ALTA COMPLEXIDADE AMBULATORIAL E HOSPITALAR,FAEC - HEMODINÂMICA EM ATENDIMENTO DE URGÊNCIA,SP,SOROCABA,355220,695328,2021,12493507000103,FUNDO MUNICIPAL DE SAUDE DE SOROCABA,001,029238,000000470090,MUNICIPAL,N,S,N,19/12/22,"373325,04","373325,04","33054625,49",30/12/22
2022,https://portalfns.saude.gov.br/wp-content/uploads/2023/01/REPASSE-FAF-COM-POPULACAO-v4-2022.csv,Manutenção das Ações e Serviços Públicos de Saúde (CUSTEIO),ATENÇÃO DE MÉDIA E ALTA COMPLEXIDADE AMBULATORIAL E HOSPITALAR,FAEC - OPME NÃO RELACIONADOS AO ATO CIRÚRGICO,SP,SOROCABA,355220,695328,2021,12493507000103,FUNDO MUNICIPAL DE SAUDE DE SOROCABA,001,029238,000000470090,MUNICIPAL,N,S,N,19/09/22,"8908,64","8908,64","33054625,49",30/12/22
2022,https://portalfns.saude.gov.br/wp-content/uploads/2023/01/REPASSE-FAF-COM-POPULACAO-v4-2022.csv,Manutenção das Ações e Serviços Públicos de Saúde (CUSTEIO),ATENÇÃO DE MÉDIA E ALTA COMPLEXIDADE AMBULATORIAL E HOSPITALAR,FAEC - PRÉ-CIRÚRGICO EM CIRURGIAS PRIORITÁRIAS,SP,SOROCABA,355220,695328,2021,12493507000103,FUNDO MUNICIPAL DE SAUDE DE SOROCABA,001,029238,000000470090,MUNICIPAL,N,S,N,19/12/22,"678,72","678,72","33054625,49",30/12/22
2022,https://portalfns.saude.gov.br/wp-content/uploads/2023/01/REPASSE-FAF-COM-POPULACAO-v4-2022.csv,Manutenção das Ações e Serviços Públicos de Saúde (CUSTEIO),ATENÇÃO DE MÉDIA E ALTA COMPLEXIDADE AMBULATORIAL E HOSPITALAR,FAEC - QUALISUS CARDIO,SP,SOROCABA,355220,695328,2021,12493507000103,FUNDO MUNICIPAL DE SAUDE DE SOROCABA,001,029238,000000470090,MUNICIPAL,N,S,N,19/12/22,"828492,39","828492,39","33054625,49",30/12/22
2022,https://portalfns.saude.gov.br/wp-content/uploads/2023/01/REPASSE-FAF-COM-POPULACAO-v4-2022.csv,Manutenção das Ações e Serviços Públicos de Saúde (CUSTEIO),ATENÇÃO DE MÉDIA E ALTA COMPLEXIDADE AMBULATORIAL E HOSPITALAR,"FAEC - TRANSPLANTES DE ORGÃOS, TECIDOS E CELULAS",SP,SOROCABA,355220,695328,2021,12493507000103,FUNDO MUNICIPAL DE SAUDE DE SOROCABA,001,029238,000000470090,MUNICIPAL,N,S,N,19/12/22,"6784877,98","6784877,98","33054625,49",30/12/22
2022,https://portalfns.saude.gov.br/wp-content/uploads/2023/01/REPASSE-FAF-COM-POPULACAO-v4-2022.csv,Manutenção das Ações e Serviços Públicos de Saúde (CUSTEIO),ATENÇÃO DE MÉDIA E ALTA COMPLEXIDADE AMBULATORIAL E HOSPITALAR,INCREMENTO TEMPORÁRIO AO CUSTEIO DOS SERVIÇOS DE ASSISTÊNCIA HOSPITALAR E AMBULATORIAL,SP,SOROCABA,355220,695328,2021,12493507000103,FUNDO MUNICIPAL DE SAUDE DE SOROCABA,001,029238,000000470090,MUNICIPAL,N,S,N,30/06/22,6712079,6712079,"33054625,49",30/12/22
2022,https://portalfns.saude.gov.br/wp-content/uploads/2023/01/REPASSE-FAF-COM-POPULACAO-v4-2022.csv,Manutenção das Ações e Serviços Públicos de Saúde (CUSTEIO),ATENÇÃO DE MÉDIA E ALTA COMPLEXIDADE AMBULATORIAL E HOSPITALAR,SAMU 192,SP,SOROCABA,355220,695328,2021,12493507000103,FUNDO MUNICIPAL DE SAUDE DE SOROCABA,001,029238,000000470090,MUNICIPAL,N,S,N,05/12/22,2786700,2786700,"33054625,49",30/12/22
2022,https://portalfns.saude.gov.br/wp-content/uploads/2023/01/REPASSE-FAF-COM-POPULACAO-v4-2022.csv,Manutenção das Ações e Serviços Públicos de Saúde (CUSTEIO),ATENÇÃO PRIMÁRIA,AGENTE COMUNITÁRIO DE SAÚDE,SP,SOROCABA,355220,695328,2021,12493507000103,FUNDO MUNICIPAL DE SAUDE DE SOROCABA,001,029238,000000470090,MUNICIPAL,N,S,N,13/12/22,4173196,4173196,"33054625,49",30/12/22
2022,https://portalfns.saude.gov.br/wp-content/uploads/2023/01/REPASSE-FAF-COM-POPULACAO-v4-2022.csv,Manutenção das Ações e Serviços Públicos de Saúde (CUSTEIO),ATENÇÃO PRIMÁRIA,CV19 - CORONAVIRUS (COVID-19) ,SP,SOROCABA,355220,695328,2021,12493507000103,FUNDO MUNICIPAL DE SAUDE DE SOROCABA,001,029238,000000470090,MUNICIPAL,N,S,N,11/03/22,43632,43632,"33054625,49",30/12/22
2022,https://portalfns.saude.gov.br/wp-content/uploads/2023/01/REPASSE-FAF-COM-POPULACAO-v4-2022.csv,Manutenção das Ações e Serviços Públicos de Saúde (CUSTEIO),ATENÇÃO PRIMÁRIA,IMPLEMENTAÇÃO DA SEGURANÇA ALIMENTAR E NUTRICIONAL NA SAÚDE,SP,SOROCABA,355220,695328,2021,12493507000103,FUNDO MUNICIPAL DE SAUDE DE SOROCABA,001,029238,000000470090,MUNICIPAL,N,S,N,18/04/22,60000,60000,"33054625,49",30/12/22
2022,https://portalfns.saude.gov.br/wp-content/uploads/2023/01/REPASSE-FAF-COM-POPULACAO-v4-2022.csv,Manutenção das Ações e Serviços Públicos de Saúde (CUSTEIO),ATENÇÃO PRIMÁRIA,IMPLEMENTACAO DE POLITICAS DE PROMOCAO DA EQUIDADE EM SAUDE ,SP,SOROCABA,355220,695328,2021,12493507000103,FUNDO MUNICIPAL DE SAUDE DE SOROCABA,001,029238,000000470090,MUNICIPAL,N,S,N,08/02/22,8400,8400,"33054625,49",30/12/22
2022,https://portalfns.saude.gov.br/wp-content/uploads/2023/01/REPASSE-FAF-COM-POPULACAO-v4-2022.csv,Manutenção das Ações e Serviços Públicos de Saúde (CUSTEIO),ATENÇÃO PRIMÁRIA,IMPLEMENTACAO DE POLITICAS PARA A REDE CEGONHA,SP,SOROCABA,355220,695328,2021,12493507000103,FUNDO MUNICIPAL DE SAUDE DE SOROCABA,001,029238,000000470090,MUNICIPAL,N,S,N,02/09/22,"4886,28","4886,28","33054625,49",30/12/22
2022,https://portalfns.saude.gov.br/wp-content/uploads/2023/01/REPASSE-FAF-COM-POPULACAO-v4-2022.csv,Manutenção das Ações e Serviços Públicos de Saúde (CUSTEIO),ATENÇÃO PRIMÁRIA,INCENTIVO FINANCEIRO DA APS - CAPITAÇÃO PONDERADA,SP,SOROCABA,355220,695328,2021,12493507000103,FUNDO MUNICIPAL DE SAUDE DE SOROCABA,001,029238,000000470090,MUNICIPAL,N,S,N,09/12/22,"12792537,1","12792537,1","33054625,49",30/12/22
2022,https://portalfns.saude.gov.br/wp-content/uploads/2023/01/REPASSE-FAF-COM-POPULACAO-v4-2022.csv,Manutenção das Ações e Serviços Públicos de Saúde (CUSTEIO),ATENÇÃO PRIMÁRIA,INCENTIVO FINANCEIRO DA APS - DESEMPENHO,SP,SOROCABA,355220,695328,2021,12493507000103,FUNDO MUNICIPAL DE SAUDE DE SOROCABA,001,029238,000000470090,MUNICIPAL,N,S,N,29/12/22,"1276309,45","1276309,45","33054625,49",30/12/22
2022,https://portalfns.saude.gov.br/wp-content/uploads/2023/01/REPASSE-FAF-COM-POPULACAO-v4-2022.csv,Manutenção das Ações e Serviços Públicos de Saúde (CUSTEIO),ATENÇÃO PRIMÁRIA,INCENTIVO PARA AÇÕES ESTRATÉGICAS,SP,SOROCABA,355220,695328,2021,12493507000103,FUNDO MUNICIPAL DE SAUDE DE SOROCABA,001,029238,000000470090,MUNICIPAL,N,S,N,22/12/22,"2452312,66","2452312,66","33054625,49",30/12/22
2022,https://portalfns.saude.gov.br/wp-content/uploads/2023/01/REPASSE-FAF-COM-POPULACAO-v4-2022.csv,Manutenção das Ações e Serviços Públicos de Saúde (CUSTEIO),ATENÇÃO PRIMÁRIA,INCREMENTO TEMPORÁRIO AO CUSTEIO DOS SERVIÇOS DE ATENÇÃO PRIMÁRIA EM SAÚDE,SP,SOROCABA,355220,695328,2021,12493507000103,FUNDO MUNICIPAL DE SAUDE DE SOROCABA,001,029238,000000470090,MUNICIPAL,N,S,N,30/06/22,16050000,16050000,"33054625,49",30/12/22
2022,https://portalfns.saude.gov.br/wp-content/uploads/2023/01/REPASSE-FAF-COM-POPULACAO-v4-2022.csv,Manutenção das Ações e Serviços Públicos de Saúde (CUSTEIO),ATENÇÃO PRIMÁRIA,PROGRAMA DE INFORMATIZAÇÃO DA APS,SP,SOROCABA,355220,695328,2021,12493507000103,FUNDO MUNICIPAL DE SAUDE DE SOROCABA,001,029238,000000470090,MUNICIPAL,N,S,N,09/12/22,161500,161500,"33054625,49",30/12/22
2022,https://portalfns.saude.gov.br/wp-content/uploads/2023/01/REPASSE-FAF-COM-POPULACAO-v4-2022.csv,Manutenção das Ações e Serviços Públicos de Saúde (CUSTEIO),GESTÃO DO SUS,FORMACAO DE PROFISSIONAIS TECNICOS DE SAUDE E FORTALECIMENTO DAS ESCOLAS TECNICAS DO SUS,SP,SOROCABA,355220,695328,2021,12493507000103,FUNDO MUNICIPAL DE SAUDE DE SOROCABA,001,029238,000000470090,MUNICIPAL,N,S,N,01/07/22,"20720,98","20720,98","33054625,49",30/12/22
2022,https://portalfns.saude.gov.br/wp-content/uploads/2023/01/REPASSE-FAF-COM-POPULACAO-v4-2022.csv,Manutenção das Ações e Serviços Públicos de Saúde (CUSTEIO),VIGILÂNCIA EM SAÚDE,"ASSISTÊNCIA FINANCEIRA COMPLEMENTAR AOS ESTADOS, DISTRITO FEDERAL E MUNICÍPIOS PARA AGENTES DE COMBATE ÀS ENDEMIAS",SP,SOROCABA,355220,695328,2021,12493507000103,FUNDO MUNICIPAL DE SAUDE DE SOROCABA,001,029238,000000470090,MUNICIPAL,N,S,N,09/12/22,3052474,3052474,"33054625,49",30/12/22
2022,https://portalfns.saude.gov.br/wp-content/uploads/2023/01/REPASSE-FAF-COM-POPULACAO-v4-2022.csv,Manutenção das Ações e Serviços Públicos de Saúde (CUSTEIO),VIGILÂNCIA EM SAÚDE,"INCENTIVO FINANCEIRO AOS ESTADOS, DISTRITO FEDERAL E MUNICÍPIOS EXECUÇÃO AÇÕES VIGILÂNCIA SANITÁRIA",SP,SOROCABA,355220,695328,2021,12493507000103,FUNDO MUNICIPAL DE SAUDE DE SOROCABA,001,029238,000000470090,MUNICIPAL,N,S,N,28/12/22,"445604,8","445604,8","33054625,49",30/12/22
2022,https://portalfns.saude.gov.br/wp-content/uploads/2023/01/REPASSE-FAF-COM-POPULACAO-v4-2022.csv,Manutenção das Ações e Serviços Públicos de Saúde (CUSTEIO),VIGILÂNCIA EM SAÚDE,"INCENTIVO FINANCEIRO AOS ESTADOS, DISTRITO FEDERAL E MUNICÍPIOS PARA A VIGILÂNCIA EM SAÚDE - DESPESAS DIVERSAS",SP,SOROCABA,355220,695328,2021,12493507000103,FUNDO MUNICIPAL DE SAUDE DE SOROCABA,001,029238,000000470090,MUNICIPAL,N,S,N,08/12/22,"1682773,6","1682773,6","33054625,49",30/12/22
2022,https://portalfns.saude.gov.br/wp-content/uploads/2023/01/REPASSE-FAF-COM-POPULACAO-v4-2022.csv,Manutenção das Ações e Serviços Públicos de Saúde (CUSTEIO),VIGILÂNCIA EM SAÚDE,INCENTIVO FINANCEIRO ÀS AÇÕES DE VIGILÂNCIA E PREVENÇÃO E CONTROLE DAS DST/AIDS E HEPATITES VIRAIS,SP,SOROCABA,355220,695328,2021,12493507000103,FUNDO MUNICIPAL DE SAUDE DE SOROCABA,001,029238,000000470090,MUNICIPAL,N,S,N,09/12/22,"597321,04","597321,04","33054625,49",30/12/22
2023,https://portalfns.saude.gov.br/idg_download/repasse-faf-com-populacao-2023-acumulado-ate-dezembro-csv/,Estruturação da Rede de Serviços Públicos de Saúde (INVESTIMENTO),CONSTRUÇÃO E AMPLIAÇÃO DE UNIDADES BÁSICAS DE SAÚDE-UBS,,SP,SOROCABA,355220,723682,2022,12493507000103,FUNDO MUNICIPAL DE SAUDE DE SOROCABA,001,029238,000000470104,MUNICIPAL,N,S,N,2023-08-14 00:00:00.000000,260000,260000,"3688891,99",2023-12-29 00:00:00.000000
2023,https://portalfns.saude.gov.br/idg_download/repasse-faf-com-populacao-2023-acumulado-ate-dezembro-csv/,Estruturação da Rede de Serviços Públicos de Saúde (INVESTIMENTO),ESTRUTURAÇÃO DA REDE DE SERVIÇOS DE ATENÇÃO PRIMÁRIA DE SAÚDE,,SP,SOROCABA,355220,723682,2022,12493507000103,FUNDO MUNICIPAL DE SAUDE DE SOROCABA,001,029238,000000470104,MUNICIPAL,N,S,N,2023-09-01 00:00:00.000000,799910,799910,"3688891,99",2023-12-29 00:00:00.000000
2023,https://portalfns.saude.gov.br/idg_download/repasse-faf-com-populacao-2023-acumulado-ate-dezembro-csv/,Estruturação da Rede de Serviços Públicos de Saúde (INVESTIMENTO),ESTRUTURAÇÃO DA REDE DE SERVIÇOS DE ATENÇÃO PRIMÁRIA DE SAÚDE,,SP,SOROCABA,355220,723682,2022,12493507000103,FUNDO MUNICIPAL DE SAUDE DE SOROCABA,001,029238,000000470104,MUNICIPAL,N,S,N,2023-12-28 00:00:00.000000,195974,195974,"3688891,99",2023-12-29 00:00:00.000000
2023,https://portalfns.saude.gov.br/idg_download/repasse-faf-com-populacao-2023-acumulado-ate-dezembro-csv/,Estruturação da Rede de Serviços Públicos de Saúde (INVESTIMENTO),ESTRUTURAÇÃO DE UNIDADES DE ATENÇÃO ESPECIALIZADA EM SAÚDE,,SP,SOROCABA,355220,723682,2022,12493507000103,FUNDO MUNICIPAL DE SAUDE DE SOROCABA,001,029238,000000470104,MUNICIPAL,N,S,N,2023-11-30 00:00:00.000000,358692,358692,"3688891,99",2023-12-29 00:00:00.000000
2023,https://portalfns.saude.gov.br/idg_download/repasse-faf-com-populacao-2023-acumulado-ate-dezembro-csv/,Manutenção das Ações e Serviços Públicos de Saúde (CUSTEIO),"ASSISTÊNCIA FINANCEIRA COMPLEMENTAR AOS ESTADOS, AO DISTRITO FEDERAL E AOS MUNICÍPIOS PARA O PAGAMENTO DO PISO SALARIAL DOS PROFISSIONAIS DA ENFERMAGEM",,SP,SOROCABA,355220,723682,2022,12493507000103,FUNDO MUNICIPAL DE SAUDE DE SOROCABA,001,029238,000000576204,MUNICIPAL,N,S,N,2023-12-27 00:00:00.000000,"2818158,93","2818158,93","1159927,34",2023-12-29 00:00:00.000000
2023,https://portalfns.saude.gov.br/idg_download/repasse-faf-com-populacao-2023-acumulado-ate-dezembro-csv/,Manutenção das Ações e Serviços Públicos de Saúde (CUSTEIO),ATENÇÃO À SAÚDE DA POPULAÇÃO PARA PROCEDIMENTOS NO MAC,,SP,SOROCABA,355220,723682,2022,12493507000103,FUNDO MUNICIPAL DE SAUDE DE SOROCABA,001,029238,000000470090,MUNICIPAL,N,S,N,2023-12-05 00:00:00.000000,"122315234,43","120163780,83","25741417,44",2023-12-29 00:00:00.000000
2023,https://portalfns.saude.gov.br/idg_download/repasse-faf-com-populacao-2023-acumulado-ate-dezembro-csv/,Manutenção das Ações e Serviços Públicos de Saúde (CUSTEIO),ATENÇÃO À SAÚDE DA POPULAÇÃO PARA PROCEDIMENTOS NO MAC,,SP,SOROCABA,355220,723682,2022,12493507000103,FUNDO MUNICIPAL DE SAUDE DE SOROCABA,001,029238,000000470090,MUNICIPAL,N,S,N,2023-04-28 00:00:00.000000,"8178374,9","8178374,9","25741417,44",2023-12-29 00:00:00.000000
2023,https://portalfns.saude.gov.br/idg_download/repasse-faf-com-populacao-2023-acumulado-ate-dezembro-csv/,Manutenção das Ações e Serviços Públicos de Saúde (CUSTEIO),ATENÇÃO À SAÚDE DA POPULAÇÃO PARA PROCEDIMENTOS NO MAC,,SP,SOROCABA,355220,723682,2022,12493507000103,FUNDO MUNICIPAL DE SAUDE DE SOROCABA,001,029238,000000470090,MUNICIPAL,N,S,N,2023-12-14 00:00:00.000000,"556297,36","556297,36","25741417,44",2023-12-29 00:00:00.000000
2023,https://portalfns.saude.gov.br/idg_download/repasse-faf-com-populacao-2023-acumulado-ate-dezembro-csv/,Manutenção das Ações e Serviços Públicos de Saúde (CUSTEIO),ATENÇÃO À SAÚDE DA POPULAÇÃO PARA PROCEDIMENTOS NO MAC,,SP,SOROCABA,355220,723682,2022,12493507000103,FUNDO MUNICIPAL DE SAUDE DE SOROCABA,001,029238,000000470090,MUNICIPAL,N,S,N,2023-09-28 00:00:00.000000,"4047,06","4047,06","25741417,44",2023-12-29 00:00:00.000000
2023,https://portalfns.saude.gov.br/idg_download/repasse-faf-com-populacao-2023-acumulado-ate-dezembro-csv/,Manutenção das Ações e Serviços Públicos de Saúde (CUSTEIO),ATENÇÃO À SAÚDE DA POPULAÇÃO PARA PROCEDIMENTOS NO MAC,,SP,SOROCABA,355220,723682,2022,12493507000103,FUNDO MUNICIPAL DE SAUDE DE SOROCABA,001,029238,000000470090,MUNICIPAL,N,S,N,2023-12-14 00:00:00.000000,705,705,"25741417,44",2023-12-29 00:00:00.000000
2023,https://portalfns.saude.gov.br/idg_download/repasse-faf-com-populacao-2023-acumulado-ate-dezembro-csv/,Manutenção das Ações e Serviços Públicos de Saúde (CUSTEIO),ATENÇÃO À SAÚDE DA POPULAÇÃO PARA PROCEDIMENTOS NO MAC,,SP,SOROCABA,355220,723682,2022,12493507000103,FUNDO MUNICIPAL DE SAUDE DE SOROCABA,001,029238,000000470090,MUNICIPAL,N,S,N,2023-12-20 00:00:00.000000,"804733,39","804733,39","25741417,44",2023-12-29 00:00:00.000000
2023,https://portalfns.saude.gov.br/idg_download/repasse-faf-com-populacao-2023-acumulado-ate-dezembro-csv/,Manutenção das Ações e Serviços Públicos de Saúde (CUSTEIO),ATENÇÃO À SAÚDE DA POPULAÇÃO PARA PROCEDIMENTOS NO MAC,,SP,SOROCABA,355220,723682,2022,12493507000103,FUNDO MUNICIPAL DE SAUDE DE SOROCABA,001,029238,000000470090,MUNICIPAL,N,S,N,2023-11-23 00:00:00.000000,"2227,16","2227,16","25741417,44",2023-12-29 00:00:00.000000
2023,https://portalfns.saude.gov.br/idg_download/repasse-faf-com-populacao-2023-acumulado-ate-dezembro-csv/,Manutenção das Ações e Serviços Públicos de Saúde (CUSTEIO),ATENÇÃO À SAÚDE DA POPULAÇÃO PARA PROCEDIMENTOS NO MAC,,SP,SOROCABA,355220,723682,2022,12493507000103,FUNDO MUNICIPAL DE SAUDE DE SOROCABA,001,029238,000000470090,MUNICIPAL,N,S,N,2023-01-26 00:00:00.000000,"113,12","113,12","25741417,44",2023-12-29 00:00:00.000000
2023,https://portalfns.saude.gov.br/idg_download/repasse-faf-com-populacao-2023-acumulado-ate-dezembro-csv/,Manutenção das Ações e Serviços Públicos de Saúde (CUSTEIO),ATENÇÃO À SAÚDE DA POPULAÇÃO PARA PROCEDIMENTOS NO MAC,,SP,SOROCABA,355220,723682,2022,12493507000103,FUNDO MUNICIPAL DE SAUDE DE SOROCABA,001,029238,000000470090,MUNICIPAL,N,S,N,2023-11-23 00:00:00.000000,"2412775,22","2412775,22","25741417,44",2023-12-29 00:00:00.000000
2023,https://portalfns.saude.gov.br/idg_download/repasse-faf-com-populacao-2023-acumulado-ate-dezembro-csv/,Manutenção das Ações e Serviços Públicos de Saúde (CUSTEIO),ATENÇÃO À SAÚDE DA POPULAÇÃO PARA PROCEDIMENTOS NO MAC,,SP,SOROCABA,355220,723682,2022,12493507000103,FUNDO MUNICIPAL DE SAUDE DE SOROCABA,001,029238,000000470090,MUNICIPAL,N,S,N,2023-06-21 00:00:00.000000,"19221,21","19221,21","25741417,44",2023-12-29 00:00:00.000000
2023,https://portalfns.saude.gov.br/idg_download/repasse-faf-com-populacao-2023-acumulado-ate-dezembro-csv/,Manutenção das Ações e Serviços Públicos de Saúde (CUSTEIO),ATENÇÃO À SAÚDE DA POPULAÇÃO PARA PROCEDIMENTOS NO MAC,,SP,SOROCABA,355220,723682,2022,12493507000103,FUNDO MUNICIPAL DE SAUDE DE SOROCABA,001,029238,000000470090,MUNICIPAL,N,S,N,2023-12-14 00:00:00.000000,"8008704,67","8008704,67","25741417,44",2023-12-29 00:00:00.000000
2023,https://portalfns.saude.gov.br/idg_download/repasse-faf-com-populacao-2023-acumulado-ate-dezembro-csv/,Manutenção das Ações e Serviços Públicos de Saúde (CUSTEIO),ATENÇÃO À SAÚDE DA POPULAÇÃO PARA PROCEDIMENTOS NO MAC,,SP,SOROCABA,355220,723682,2022,12493507000103,FUNDO MUNICIPAL DE SAUDE DE SOROCABA,001,029238,000000470090,MUNICIPAL,N,S,N,2023-12-04 00:00:00.000000,"3135037,5","3135037,5","25741417,44",2023-12-29 00:00:00.000000
2023,https://portalfns.saude.gov.br/idg_download/repasse-faf-com-populacao-2023-acumulado-ate-dezembro-csv/,Manutenção das Ações e Serviços Públicos de Saúde (CUSTEIO),FORTALECIMENTO DO SISTEMA NACIONAL DE VIGILÂNCIA EM SAÚDE,,SP,SOROCABA,355220,723682,2022,12493507000103,FUNDO MUNICIPAL DE SAUDE DE SOROCABA,001,029238,000000470090,MUNICIPAL,N,S,N,2023-12-27 00:00:00.000000,"643890,99","643890,99","25741417,44",2023-12-29 00:00:00.000000
2023,https://portalfns.saude.gov.br/idg_download/repasse-faf-com-populacao-2023-acumulado-ate-dezembro-csv/,Manutenção das Ações e Serviços Públicos de Saúde (CUSTEIO),IMPLEMENTACAO DE POLITICAS DE ATENCAO ESPECIALIZADA A SAUDE,,SP,SOROCABA,355220,723682,2022,12493507000103,FUNDO MUNICIPAL DE SAUDE DE SOROCABA,001,029238,000000470090,MUNICIPAL,N,S,N,2023-12-12 00:00:00.000000,"23523,06","23523,06","25741417,44",2023-12-29 00:00:00.000000
2023,https://portalfns.saude.gov.br/idg_download/repasse-faf-com-populacao-2023-acumulado-ate-dezembro-csv/,Manutenção das Ações e Serviços Públicos de Saúde (CUSTEIO),IMPLEMENTAÇÃO DA SEGURANÇA ALIMENTAR E NUTRICIONAL NA SAÚDE,,SP,SOROCABA,355220,723682,2022,12493507000103,FUNDO MUNICIPAL DE SAUDE DE SOROCABA,001,029238,000000470090,MUNICIPAL,N,S,N,2023-12-15 00:00:00.000000,69000,69000,"25741417,44",2023-12-29 00:00:00.000000
2023,https://portalfns.saude.gov.br/idg_download/repasse-faf-com-populacao-2023-acumulado-ate-dezembro-csv/,Manutenção das Ações e Serviços Públicos de Saúde (CUSTEIO),"INCENTIVO FINANCEIRO AOS ESTADOS, DISTRITO FEDERAL E MUNICÍPIOS PARA A VIGILÂNCIA EM SAÚDE",,SP,SOROCABA,355220,723682,2022,12493507000103,FUNDO MUNICIPAL DE SAUDE DE SOROCABA,001,029238,000000470090,MUNICIPAL,N,S,N,2023-12-22 00:00:00.000000,"1675692,85","1675692,85","25741417,44",2023-12-29 00:00:00.000000
2023,https://portalfns.saude.gov.br/idg_download/repasse-faf-com-populacao-2023-acumulado-ate-dezembro-csv/,Manutenção das Ações e Serviços Públicos de Saúde (CUSTEIO),"INCENTIVO FINANCEIRO AOS ESTADOS, DISTRITO FEDERAL E MUNICÍPIOS PARA A VIGILÂNCIA EM SAÚDE",,SP,SOROCABA,355220,723682,2022,12493507000103,FUNDO MUNICIPAL DE SAUDE DE SOROCABA,001,029238,000000470090,MUNICIPAL,N,S,N,2023-12-05 00:00:00.000000,"550654,32","550654,32","25741417,44",2023-12-29 00:00:00.000000
2023,https://portalfns.saude.gov.br/idg_download/repasse-faf-com-populacao-2023-acumulado-ate-dezembro-csv/,Manutenção das Ações e Serviços Públicos de Saúde (CUSTEIO),"INCENTIVO FINANCEIRO AOS ESTADOS, DISTRITO FEDERAL E MUNICÍPIOS PARA EXECUÇÃO DE AÇÕES DE VIGILÂNCIA SANITÁRIA",,SP,SOROCABA,355220,723682,2022,12493507000103,FUNDO MUNICIPAL DE SAUDE DE SOROCABA,001,029238,000000470090,MUNICIPAL,N,S,N,2023-12-12 00:00:00.000000,476933,476933,"25741417,44",2023-12-29 00:00:00.000000
2023,https://portalfns.saude.gov.br/idg_download/repasse-faf-com-populacao-2023-acumulado-ate-dezembro-csv/,Manutenção das Ações e Serviços Públicos de Saúde (CUSTEIO),INCREMENTO TEMPORÁRIO AO CUSTEIO DOS SERVIÇOS DE ASSISTÊNCIA HOSPITALAR E AMBULATORIAL PARA CUMPRIMENTO DAS METAS - NACIONAL,,SP,SOROCABA,355220,723682,2022,12493507000103,FUNDO MUNICIPAL DE SAUDE DE SOROCABA,001,029238,000000470090,MUNICIPAL,N,S,N,2023-11-29 00:00:00.000000,8787937,8787937,"25741417,44",2023-12-29 00:00:00.000000
2023,https://portalfns.saude.gov.br/idg_download/repasse-faf-com-populacao-2023-acumulado-ate-dezembro-csv/,Manutenção das Ações e Serviços Públicos de Saúde (CUSTEIO),INCREMENTO TEMPORÁRIO AO CUSTEIO DOS SERVIÇOS DE ASSISTÊNCIA HOSPITALAR E AMBULATORIAL PARA CUMPRIMENTO DAS METAS - NACIONAL,,SP,SOROCABA,355220,723682,2022,12493507000103,FUNDO MUNICIPAL DE SAUDE DE SOROCABA,001,029238,000000470090,MUNICIPAL,N,S,N,2023-11-22 00:00:00.000000,490000,490000,"25741417,44",2023-12-29 00:00:00.000000
2023,https://portalfns.saude.gov.br/idg_download/repasse-faf-com-populacao-2023-acumulado-ate-dezembro-csv/,Manutenção das Ações e Serviços Públicos de Saúde (CUSTEIO),INCREMENTO TEMPORÁRIO AO CUSTEIO DOS SERVIÇOS DE ATENÇÃO PRIMÁRIA EM SAÚDE PARA CUMPRIMENTO DAS METAS - NACIONAL,,SP,SOROCABA,355220,723682,2022,12493507000103,FUNDO MUNICIPAL DE SAUDE DE SOROCABA,001,029238,000000470090,MUNICIPAL,N,S,N,2023-12-13 00:00:00.000000,"929770,04","929770,04","25741417,44",2023-12-29 00:00:00.000000
2023,https://portalfns.saude.gov.br/idg_download/repasse-faf-com-populacao-2023-acumulado-ate-dezembro-csv/,Manutenção das Ações e Serviços Públicos de Saúde (CUSTEIO),INCREMENTO TEMPORÁRIO AO CUSTEIO DOS SERVIÇOS DE ATENÇÃO PRIMÁRIA EM SAÚDE PARA CUMPRIMENTO DAS METAS - NACIONAL,,SP,SOROCABA,355220,723682,2022,12493507000103,FUNDO MUNICIPAL DE SAUDE DE SOROCABA,001,029238,000000470090,MUNICIPAL,N,S,N,2023-11-30 00:00:00.000000,9000000,9000000,"25741417,44",2023-12-29 00:00:00.000000
2023,https://portalfns.saude.gov.br/idg_download/repasse-faf-com-populacao-2023-acumulado-ate-dezembro-csv/,Manutenção das Ações e Serviços Públicos de Saúde (CUSTEIO),PISO DA ATENÇÃO PRIMÁRIA EM SAÚDE,,SP,SOROCABA,355220,723682,2022,12493507000103,FUNDO MUNICIPAL DE SAUDE DE SOROCABA,001,029238,000000470090,MUNICIPAL,N,S,N,2023-12-12 00:00:00.000000,"12861842,61","12861842,61","25741417,44",2023-12-29 00:00:00.000000
2023,https://portalfns.saude.gov.br/idg_download/repasse-faf-com-populacao-2023-acumulado-ate-dezembro-csv/,Manutenção das Ações e Serviços Públicos de Saúde (CUSTEIO),PISO DA ATENÇÃO PRIMÁRIA EM SAÚDE,,SP,SOROCABA,355220,723682,2022,12493507000103,FUNDO MUNICIPAL DE SAUDE DE SOROCABA,001,029238,000000470090,MUNICIPAL,N,S,N,2023-12-15 00:00:00.000000,"1466399,96","1466399,96","25741417,44",2023-12-29 00:00:00.000000
2023,https://portalfns.saude.gov.br/idg_download/repasse-faf-com-populacao-2023-acumulado-ate-dezembro-csv/,Manutenção das Ações e Serviços Públicos de Saúde (CUSTEIO),PISO DA ATENÇÃO PRIMÁRIA EM SAÚDE,,SP,SOROCABA,355220,723682,2022,12493507000103,FUNDO MUNICIPAL DE SAUDE DE SOROCABA,001,029238,000000470090,MUNICIPAL,N,S,N,2023-12-22 00:00:00.000000,"1438905,52","1438905,52","25741417,44",2023-12-29 00:00:00.000000
2023,https://portalfns.saude.gov.br/idg_download/repasse-faf-com-populacao-2023-acumulado-ate-dezembro-csv/,Manutenção das Ações e Serviços Públicos de Saúde (CUSTEIO),PISO DA ATENÇÃO PRIMÁRIA EM SAÚDE,,SP,SOROCABA,355220,723682,2022,12493507000103,FUNDO MUNICIPAL DE SAUDE DE SOROCABA,001,029238,000000470090,MUNICIPAL,N,S,N,2023-12-15 00:00:00.000000,228650,228650,"25741417,44",2023-12-29 00:00:00.000000
2023,https://portalfns.saude.gov.br/idg_download/repasse-faf-com-populacao-2023-acumulado-ate-dezembro-csv/,Manutenção das Ações e Serviços Públicos de Saúde (CUSTEIO),PROMOÇÃO DA ASSISTÊNCIA FARMACÊUTICA E INSUMOS ESTRATÉGICOS NA ATENÇÃO PRIMÁRIA EM SAÚDE,,SP,SOROCABA,355220,723682,2022,12493507000103,FUNDO MUNICIPAL DE SAUDE DE SOROCABA,001,029238,000000470090,MUNICIPAL,N,S,N,2023-11-28 00:00:00.000000,"3674302,72","3674302,72","25741417,44",2023-12-29 00:00:00.000000
2023,https://portalfns.saude.gov.br/idg_download/repasse-faf-com-populacao-2023-acumulado-ate-dezembro-csv/,Manutenção das Ações e Serviços Públicos de Saúde (CUSTEIO),PROMOÇÃO DA ASSISTÊNCIA FARMACÊUTICA E INSUMOS ESTRATÉGICOS NA ATENÇÃO PRIMÁRIA EM SAÚDE,,SP,SOROCABA,355220,723682,2022,12493507000103,FUNDO MUNICIPAL DE SAUDE DE SOROCABA,001,029238,000000470090,MUNICIPAL,N,S,N,2023-12-18 00:00:00.000000,"334027,52","334027,52","25741417,44",2023-12-29 00:00:00.000000
2023,https://portalfns.saude.gov.br/idg_download/repasse-faf-com-populacao-2023-acumulado-ate-dezembro-csv/,Manutenção das Ações e Serviços Públicos de Saúde (CUSTEIO),TRANSFERÊNCIA AOS ENTES FEDERATIVOS PARA O PAGAMENTO DOS VENCIMENTOS DOS AGENTES COMUNITÁRIOS DE SAÚDE,,SP,SOROCABA,355220,723682,2022,12493507000103,FUNDO MUNICIPAL DE SAUDE DE SOROCABA,001,029238,000000470090,MUNICIPAL,N,S,N,2023-12-11 00:00:00.000000,4950312,4950312,"25741417,44",2023-12-29 00:00:00.000000
2023,https://portalfns.saude.gov.br/idg_download/repasse-faf-com-populacao-2023-acumulado-ate-dezembro-csv/,Manutenção das Ações e Serviços Públicos de Saúde (CUSTEIO),TRANSFERÊNCIA AOS ENTES FEDERATIVOS PARA O PAGAMENTO DOS VENCIMENTOS DOS AGENTES DE COMBATE ÀS ENDEMIAS,,SP,SOROCABA,355220,723682,2022,12493507000103,FUNDO MUNICIPAL DE SAUDE DE SOROCABA,001,029238,000000470090,MUNICIPAL,N,S,N,2023-12-29 00:00:00.000000,3474960,3474960,"25741417,44",2023-12-29 00:00:00.000000
2024,https://portalfns.saude.gov.br/idg_download/repasse-faf-com-populacao-2024/,Estruturação da Rede de Serviços Públicos de Saúde (INVESTIMENTO),ESTRUTURAÇÃO DA REDE DE SERVIÇOS DE ATENÇÃO PRIMÁRIA DE SAÚDE,,SP,SOROCABA,355220,757459,2023,12493507000103,FUNDO MUNICIPAL DE SAUDE DE SOROCABA,001,029238,000000470104,MUNICIPAL,N,S,N,2024-04-11 00:00:00.000000,39085,39085,"3922336,83",2024-11-30 00:00:00.000000
2024,https://portalfns.saude.gov.br/idg_download/repasse-faf-com-populacao-2024/,Estruturação da Rede de Serviços Públicos de Saúde (INVESTIMENTO),ESTRUTURAÇÃO DE UNIDADES DE ATENÇÃO ESPECIALIZADA EM SAÚDE,,SP,SOROCABA,355220,757459,2023,12493507000103,FUNDO MUNICIPAL DE SAUDE DE SOROCABA,001,029238,000000470104,MUNICIPAL,N,S,N,2024-04-30 00:00:00.000000,883767,883767,"3922336,83",2024-11-30 00:00:00.000000
2024,https://portalfns.saude.gov.br/idg_download/repasse-faf-com-populacao-2024/,Manutenção das Ações e Serviços Públicos de Saúde (CUSTEIO),"APOIO AOS ESTADOS, DISTRITO FEDERAL E MUNICÍPIOS PARA A VIGILÂNCIA EM SAÚDE",,SP,SOROCABA,355220,757459,2023,12493507000103,FUNDO MUNICIPAL DE SAUDE DE SOROCABA,001,029238,000000470090,MUNICIPAL,N,S,N,2024-12-05 00:00:00.000000,"3859415,17","3859415,17","59556291,24",2024-11-30 00:00:00.000000
2024,https://portalfns.saude.gov.br/idg_download/repasse-faf-com-populacao-2024/,Manutenção das Ações e Serviços Públicos de Saúde (CUSTEIO),"ASSISTÊNCIA FINANCEIRA COMPLEMENTAR AOS ESTADOS, AO DISTRITO FEDERAL E AOS MUNICÍPIOS PARA O PAGAMENTO DO PISO SALARIAL DOS PROFISSIONAIS DA ENFERMAGEM",,SP,SOROCABA,355220,757459,2023,12493507000103,FUNDO MUNICIPAL DE SAUDE DE SOROCABA,001,029238,000000576204,MUNICIPAL,N,S,N,2024-12-05 00:00:00.000000,"3680785,54","3680785,54","594708,01",2024-11-30 00:00:00.000000
2024,https://portalfns.saude.gov.br/idg_download/repasse-faf-com-populacao-2024/,Manutenção das Ações e Serviços Públicos de Saúde (CUSTEIO),ATENÇÃO À SAÚDE DA POPULAÇÃO PARA PROCEDIMENTOS NO MAC,,SP,SOROCABA,355220,757459,2023,12493507000103,FUNDO MUNICIPAL DE SAUDE DE SOROCABA,001,029238,000000470090,MUNICIPAL,N,S,N,2024-12-05 00:00:00.000000,"136800048,4","134976640,92","59556291,24",2024-11-30 00:00:00.000000
2024,https://portalfns.saude.gov.br/idg_download/repasse-faf-com-populacao-2024/,Manutenção das Ações e Serviços Públicos de Saúde (CUSTEIO),ATENÇÃO À SAÚDE DA POPULAÇÃO PARA PROCEDIMENTOS NO MAC,,SP,SOROCABA,355220,757459,2023,12493507000103,FUNDO MUNICIPAL DE SAUDE DE SOROCABA,001,029238,000000470090,MUNICIPAL,N,S,N,2024-12-24 00:00:00.000000,"2889445,5","2889445,5","59556291,24",2024-11-30 00:00:00.000000
2024,https://portalfns.saude.gov.br/idg_download/repasse-faf-com-populacao-2024/,Manutenção das Ações e Serviços Públicos de Saúde (CUSTEIO),ATENÇÃO À SAÚDE DA POPULAÇÃO PARA PROCEDIMENTOS NO MAC,,SP,SOROCABA,355220,757459,2023,12493507000103,FUNDO MUNICIPAL DE SAUDE DE SOROCABA,001,029238,000000470090,MUNICIPAL,N,S,N,2024-12-24 00:00:00.000000,5720,5720,"59556291,24",2024-11-30 00:00:00.000000
2024,https://portalfns.saude.gov.br/idg_download/repasse-faf-com-populacao-2024/,Manutenção das Ações e Serviços Públicos de Saúde (CUSTEIO),ATENÇÃO À SAÚDE DA POPULAÇÃO PARA PROCEDIMENTOS NO MAC,,SP,SOROCABA,355220,757459,2023,12493507000103,FUNDO MUNICIPAL DE SAUDE DE SOROCABA,001,029238,000000470090,MUNICIPAL,N,S,N,2024-09-27 00:00:00.000000,"172,4","172,4","59556291,24",2024-11-30 00:00:00.000000
2024,https://portalfns.saude.gov.br/idg_download/repasse-faf-com-populacao-2024/,Manutenção das Ações e Serviços Públicos de Saúde (CUSTEIO),ATENÇÃO À SAÚDE DA POPULAÇÃO PARA PROCEDIMENTOS NO MAC,,SP,SOROCABA,355220,757459,2023,12493507000103,FUNDO MUNICIPAL DE SAUDE DE SOROCABA,001,029238,000000470090,MUNICIPAL,N,S,N,2024-12-24 00:00:00.000000,"1564441,55","1564441,55","59556291,24",2024-11-30 00:00:00.000000
2024,https://portalfns.saude.gov.br/idg_download/repasse-faf-com-populacao-2024/,Manutenção das Ações e Serviços Públicos de Saúde (CUSTEIO),ATENÇÃO À SAÚDE DA POPULAÇÃO PARA PROCEDIMENTOS NO MAC,,SP,SOROCABA,355220,757459,2023,12493507000103,FUNDO MUNICIPAL DE SAUDE DE SOROCABA,001,029238,000000470090,MUNICIPAL,N,S,N,2024-11-04 00:00:00.000000,"30128,72","30128,72","59556291,24",2024-11-30 00:00:00.000000
2024,https://portalfns.saude.gov.br/idg_download/repasse-faf-com-populacao-2024/,Manutenção das Ações e Serviços Públicos de Saúde (CUSTEIO),ATENÇÃO À SAÚDE DA POPULAÇÃO PARA PROCEDIMENTOS NO MAC,,SP,SOROCABA,355220,757459,2023,12493507000103,FUNDO MUNICIPAL DE SAUDE DE SOROCABA,001,029238,000000470090,MUNICIPAL,N,S,N,2024-12-24 00:00:00.000000,"8604389,86","8604389,86","59556291,24",2024-11-30 00:00:00.000000
2024,https://portalfns.saude.gov.br/idg_download/repasse-faf-com-populacao-2024/,Manutenção das Ações e Serviços Públicos de Saúde (CUSTEIO),ATENÇÃO À SAÚDE DA POPULAÇÃO PARA PROCEDIMENTOS NO MAC,,SP,SOROCABA,355220,757459,2023,12493507000103,FUNDO MUNICIPAL DE SAUDE DE SOROCABA,001,029238,000000470090,MUNICIPAL,N,S,N,2024-12-04 00:00:00.000000,3622710,3622710,"59556291,24",2024-11-30 00:00:00.000000
2024,https://portalfns.saude.gov.br/idg_download/repasse-faf-com-populacao-2024/,Manutenção das Ações e Serviços Públicos de Saúde (CUSTEIO),IMPLEMENTACAO DE POLITICAS DE ATENCAO - NACIONAL,,SP,SOROCABA,355220,757459,2023,12493507000103,FUNDO MUNICIPAL DE SAUDE DE SOROCABA,001,029238,000000470090,MUNICIPAL,N,S,N,2024-12-31 00:00:00.000000,"21329,88","21329,88","59556291,24",2024-11-30 00:00:00.000000
2024,https://portalfns.saude.gov.br/idg_download/repasse-faf-com-populacao-2024/,Manutenção das Ações e Serviços Públicos de Saúde (CUSTEIO),"INCENTIVO FINANCEIRO AOS ESTADOS, DISTRITO FEDERAL E MUNICÍPIOS PARA A VIGILÂNCIA EM SAÚDE",,SP,SOROCABA,355220,757459,2023,12493507000103,FUNDO MUNICIPAL DE SAUDE DE SOROCABA,001,029238,000000470090,MUNICIPAL,N,S,N,2024-03-12 00:00:00.000000,"115206,56","115206,56","59556291,24",2024-11-30 00:00:00.000000
2024,https://portalfns.saude.gov.br/idg_download/repasse-faf-com-populacao-2024/,Manutenção das Ações e Serviços Públicos de Saúde (CUSTEIO),"INCENTIVO FINANCEIRO AOS ESTADOS, DISTRITO FEDERAL E MUNICÍPIOS PARA A VIGILÂNCIA EM SAÚDE",,SP,SOROCABA,355220,757459,2023,12493507000103,FUNDO MUNICIPAL DE SAUDE DE SOROCABA,001,029238,000000470090,MUNICIPAL,N,S,N,2024-12-24 00:00:00.000000,"863914,32","863914,32","59556291,24",2024-11-30 00:00:00.000000
2024,https://portalfns.saude.gov.br/idg_download/repasse-faf-com-populacao-2024/,Manutenção das Ações e Serviços Públicos de Saúde (CUSTEIO),"INCENTIVO FINANCEIRO AOS ESTADOS, DISTRITO FEDERAL E MUNICÍPIOS PARA EXECUÇÃO DE AÇÕES DE VIGILÂNCIA SANITÁRIA",,SP,SOROCABA,355220,757459,2023,12493507000103,FUNDO MUNICIPAL DE SAUDE DE SOROCABA,001,029238,000000470090,MUNICIPAL,N,S,N,2024-12-16 00:00:00.000000,500830,500830,"59556291,24",2024-11-30 00:00:00.000000
2024,https://portalfns.saude.gov.br/idg_download/repasse-faf-com-populacao-2024/,Manutenção das Ações e Serviços Públicos de Saúde (CUSTEIO),INCREMENTO TEMPORÁRIO AO CUSTEIO DOS SERVIÇOS DE ASSISTÊNCIA HOSPITALAR E AMBULATORIAL PARA CUMPRIMENTO DAS METAS - NACIONAL,,SP,SOROCABA,355220,757459,2023,12493507000103,FUNDO MUNICIPAL DE SAUDE DE SOROCABA,001,029238,000000470090,MUNICIPAL,N,S,N,2024-12-13 00:00:00.000000,34725619,34725619,"59556291,24",2024-11-30 00:00:00.000000
2024,https://portalfns.saude.gov.br/idg_download/repasse-faf-com-populacao-2024/,Manutenção das Ações e Serviços Públicos de Saúde (CUSTEIO),INCREMENTO TEMPORÁRIO AO CUSTEIO DOS SERVIÇOS DE ASSISTÊNCIA HOSPITALAR E AMBULATORIAL PARA CUMPRIMENTO DE METAS,,SP,SOROCABA,355220,757459,2023,12493507000103,FUNDO MUNICIPAL DE SAUDE DE SOROCABA,001,029238,000000470090,MUNICIPAL,N,S,N,2024-03-18 00:00:00.000000,1000000,1000000,"59556291,24",2024-11-30 00:00:00.000000
2024,https://portalfns.saude.gov.br/idg_download/repasse-faf-com-populacao-2024/,Manutenção das Ações e Serviços Públicos de Saúde (CUSTEIO),INCREMENTO TEMPORÁRIO AO CUSTEIO DOS SERVIÇOS DE ATENÇÃO PRIMÁRIA EM SAÚDE PARA CUMPRIMENTO DAS METAS - NACIONAL,,SP,SOROCABA,355220,757459,2023,12493507000103,FUNDO MUNICIPAL DE SAUDE DE SOROCABA,001,029238,000000470090,MUNICIPAL,N,S,N,2024-07-05 00:00:00.000000,12800001,12800001,"59556291,24",2024-11-30 00:00:00.000000
2024,https://portalfns.saude.gov.br/idg_download/repasse-faf-com-populacao-2024/,Manutenção das Ações e Serviços Públicos de Saúde (CUSTEIO),PISO DA ATENÇÃO PRIMÁRIA EM SAÚDE,,SP,SOROCABA,355220,757459,2023,12493507000103,FUNDO MUNICIPAL DE SAUDE DE SOROCABA,001,029238,000000470090,MUNICIPAL,N,S,N,2024-04-11 00:00:00.000000,"4048568,57","4048568,57","59556291,24",2024-11-30 00:00:00.000000
2024,https://portalfns.saude.gov.br/idg_download/repasse-faf-com-populacao-2024/,Manutenção das Ações e Serviços Públicos de Saúde (CUSTEIO),PISO DA ATENÇÃO PRIMÁRIA EM SAÚDE,,SP,SOROCABA,355220,757459,2023,12493507000103,FUNDO MUNICIPAL DE SAUDE DE SOROCABA,001,029238,000000470090,MUNICIPAL,N,S,N,2024-12-05 00:00:00.000000,"4305907,92","4305907,92","59556291,24",2024-11-30 00:00:00.000000
2024,https://portalfns.saude.gov.br/idg_download/repasse-faf-com-populacao-2024/,Manutenção das Ações e Serviços Públicos de Saúde (CUSTEIO),PISO DA ATENÇÃO PRIMÁRIA EM SAÚDE,,SP,SOROCABA,355220,757459,2023,12493507000103,FUNDO MUNICIPAL DE SAUDE DE SOROCABA,001,029238,000000470090,MUNICIPAL,N,S,N,2024-12-05 00:00:00.000000,"717896,8","717896,8","59556291,24",2024-11-30 00:00:00.000000
2024,https://portalfns.saude.gov.br/idg_download/repasse-faf-com-populacao-2024/,Manutenção das Ações e Serviços Públicos de Saúde (CUSTEIO),PISO DA ATENÇÃO PRIMÁRIA EM SAÚDE,,SP,SOROCABA,355220,757459,2023,12493507000103,FUNDO MUNICIPAL DE SAUDE DE SOROCABA,001,029238,000000470090,MUNICIPAL,N,S,N,2024-04-10 00:00:00.000000,"709313,14","709313,14","59556291,24",2024-11-30 00:00:00.000000
2024,https://portalfns.saude.gov.br/idg_download/repasse-faf-com-populacao-2024/,Manutenção das Ações e Serviços Públicos de Saúde (CUSTEIO),PISO DA ATENÇÃO PRIMÁRIA EM SAÚDE,,SP,SOROCABA,355220,757459,2023,12493507000103,FUNDO MUNICIPAL DE SAUDE DE SOROCABA,001,029238,000000470090,MUNICIPAL,N,S,N,2024-12-11 00:00:00.000000,10318327,10318327,"59556291,24",2024-11-30 00:00:00.000000
2024,https://portalfns.saude.gov.br/idg_download/repasse-faf-com-populacao-2024/,Manutenção das Ações e Serviços Públicos de Saúde (CUSTEIO),PISO DA ATENÇÃO PRIMÁRIA EM SAÚDE,,SP,SOROCABA,355220,757459,2023,12493507000103,FUNDO MUNICIPAL DE SAUDE DE SOROCABA,001,029238,000000470090,MUNICIPAL,N,S,N,2024-12-11 00:00:00.000000,"1337408,81","1337408,81","59556291,24",2024-11-30 00:00:00.000000
2024,https://portalfns.saude.gov.br/idg_download/repasse-faf-com-populacao-2024/,Manutenção das Ações e Serviços Públicos de Saúde (CUSTEIO),PISO DA ATENÇÃO PRIMÁRIA EM SAÚDE,,SP,SOROCABA,355220,757459,2023,12493507000103,FUNDO MUNICIPAL DE SAUDE DE SOROCABA,001,029238,000000470090,MUNICIPAL,N,S,N,2024-05-02 00:00:00.000000,342764,342764,"59556291,24",2024-11-30 00:00:00.000000
2024,https://portalfns.saude.gov.br/idg_download/repasse-faf-com-populacao-2024/,Manutenção das Ações e Serviços Públicos de Saúde (CUSTEIO),PISO DA ATENÇÃO PRIMÁRIA EM SAÚDE,,SP,SOROCABA,355220,757459,2023,12493507000103,FUNDO MUNICIPAL DE SAUDE DE SOROCABA,001,029238,000000470090,MUNICIPAL,N,S,N,2024-04-10 00:00:00.000000,246925,246925,"59556291,24",2024-11-30 00:00:00.000000
2024,https://portalfns.saude.gov.br/idg_download/repasse-faf-com-populacao-2024/,Manutenção das Ações e Serviços Públicos de Saúde (CUSTEIO),PROMOÇÃO DA ASSISTÊNCIA FARMACÊUTICA E INSUMOS ESTRATÉGICOS NA ATENÇÃO PRIMÁRIA EM SAÚDE,,SP,SOROCABA,355220,757459,2023,12493507000103,FUNDO MUNICIPAL DE SAUDE DE SOROCABA,001,029238,000000470090,MUNICIPAL,N,S,N,2024-12-13 00:00:00.000000,"6234007,68","6234007,68","59556291,24",2024-11-30 00:00:00.000000
2024,https://portalfns.saude.gov.br/idg_download/repasse-faf-com-populacao-2024/,Manutenção das Ações e Serviços Públicos de Saúde (CUSTEIO),TRANSFERÊNCIA AOS ENTES FEDERATIVOS PARA O PAGAMENTO DOS VENCIMENTOS DOS AGENTES COMUNITÁRIOS DE SAÚDE,,SP,SOROCABA,355220,757459,2023,12493507000103,FUNDO MUNICIPAL DE SAUDE DE SOROCABA,001,029238,000000470090,MUNICIPAL,N,S,N,2024-12-05 00:00:00.000000,5280880,5280880,"59556291,24",2024-11-30 00:00:00.000000
2024,https://portalfns.saude.gov.br/idg_download/repasse-faf-com-populacao-2024/,Manutenção das Ações e Serviços Públicos de Saúde (CUSTEIO),TRANSFERÊNCIA AOS ENTES FEDERATIVOS PARA O PAGAMENTO DOS VENCIMENTOS DOS AGENTES DE COMBATE ÀS ENDEMIAS,,SP,SOROCABA,355220,757459,2023,12493507000103,FUNDO MUNICIPAL DE SAUDE DE SOROCABA,001,029238,000000470090,MUNICIPAL,N,S,N,2024-12-18 00:00:00.000000,3837816,3837816,"59556291,24",2024-11-30 00:00:00.000000
2024,https://portalfns.saude.gov.br/idg_download/repasse-faf-com-populacao-2024/,Manutenção das Ações e Serviços Públicos de Saúde (CUSTEIO),TRANSFORMAÇÃO DIGITAL NO SUS,,SP,SOROCABA,355220,757459,2023,12493507000103,FUNDO MUNICIPAL DE SAUDE DE SOROCABA,001,029238,000000470090,MUNICIPAL,N,S,N,2024-08-09 00:00:00.000000,"522648,7","522648,7","59556291,24",2024-11-30 00:00:00.000000
2025,https://portalfns.saude.gov.br/wp-content/uploads/2026/01/REPASSE-FAF-COM-POPULACAO-2025.xlsx,Manutenção Das Ações E Serviços Públicos De Saúde,VIGILÂNCIA EM SAÚDE,,SP,SOROCABA,355220,762172,2025,12493507000103,FUNDO MUNICIPAL DE SAUDE DE SOROCABA,001,029238,000000470090,MUNICIPAL,N,S,N,46022,472487,472487,19196376.07,45991
2025,https://portalfns.saude.gov.br/wp-content/uploads/2026/01/REPASSE-FAF-COM-POPULACAO-2025.xlsx,Manutenção Das Ações E Serviços Públicos De Saúde,VIGILÂNCIA EM SAÚDE,,SP,SOROCABA,355220,762172,2025,12493507000103,FUNDO MUNICIPAL DE SAUDE DE SOROCABA,001,029238,000000470090,MUNICIPAL,N,S,N,46022,2002936.23,2002936.23,19196376.07,45991
2025,https://portalfns.saude.gov.br/wp-content/uploads/2026/01/REPASSE-FAF-COM-POPULACAO-2025.xlsx,Manutenção Das Ações E Serviços Públicos De Saúde,ATENÇÃO DE MÉDIA E ALTA COMPLEXIDADE AMBULATORIAL E HOSPITALAR,,SP,SOROCABA,355220,762172,2025,12493507000103,FUNDO MUNICIPAL DE SAUDE DE SOROCABA,001,029238,000000470090,MUNICIPAL,N,S,N,46021,4331277.6500000004,4331277.6500000004,19196376.07,45991
2025,https://portalfns.saude.gov.br/wp-content/uploads/2026/01/REPASSE-FAF-COM-POPULACAO-2025.xlsx,Manutenção Das Ações E Serviços Públicos De Saúde,ATENÇÃO DE MÉDIA E ALTA COMPLEXIDADE AMBULATORIAL E HOSPITALAR,,SP,SOROCABA,355220,762172,2025,12493507000103,FUNDO MUNICIPAL DE SAUDE DE SOROCABA,001,029238,000000470090,MUNICIPAL,N,S,N,46021,14695,14695,19196376.07,45991
2025,https://portalfns.saude.gov.br/wp-content/uploads/2026/01/REPASSE-FAF-COM-POPULACAO-2025.xlsx,Manutenção Das Ações E Serviços Públicos De Saúde,ATENÇÃO DE MÉDIA E ALTA COMPLEXIDADE AMBULATORIAL E HOSPITALAR,,SP,SOROCABA,355220,762172,2025,12493507000103,FUNDO MUNICIPAL DE SAUDE DE SOROCABA,001,029238,000000470090,MUNICIPAL,N,S,N,46021,1840758.42,1840758.42,19196376.07,45991
2025,https://portalfns.saude.gov.br/wp-content/uploads/2026/01/REPASSE-FAF-COM-POPULACAO-2025.xlsx,Manutenção Das Ações E Serviços Públicos De Saúde,ATENÇÃO DE MÉDIA E ALTA COMPLEXIDADE AMBULATORIAL E HOSPITALAR,,SP,SOROCABA,355220,762172,2025,12493507000103,FUNDO MUNICIPAL DE SAUDE DE SOROCABA,001,029238,000000470090,MUNICIPAL,N,S,N,46021,7708340.4400000004,7708340.4400000004,19196376.07,45991
2025,https://portalfns.saude.gov.br/wp-content/uploads/2026/01/REPASSE-FAF-COM-POPULACAO-2025.xlsx,Manutenção Das Ações E Serviços Públicos De Saúde,GESTÃO DO SUS,,SP,SOROCABA,355220,762172,2025,12493507000103,FUNDO MUNICIPAL DE SAUDE DE SOROCABA,001,029238,000000576204,MUNICIPAL,N,S,N,46021,4698294.8,4698294.8,2027865.7,45991
2025,https://portalfns.saude.gov.br/wp-content/uploads/2026/01/REPASSE-FAF-COM-POPULACAO-2025.xlsx,Manutenção Das Ações E Serviços Públicos De Saúde,VIGILÂNCIA EM SAÚDE,,SP,SOROCABA,355220,762172,2025,12493507000103,FUNDO MUNICIPAL DE SAUDE DE SOROCABA,001,029238,000000470090,MUNICIPAL,N,S,N,46017,4887960,4887960,19196376.07,45991
2025,https://portalfns.saude.gov.br/wp-content/uploads/2026/01/REPASSE-FAF-COM-POPULACAO-2025.xlsx,Manutenção Das Ações E Serviços Públicos De Saúde,ATENÇÃO DE MÉDIA E ALTA COMPLEXIDADE AMBULATORIAL E HOSPITALAR,,SP,SOROCABA,355220,762172,2025,12493507000103,FUNDO MUNICIPAL DE SAUDE DE SOROCABA,001,029238,00658359,MUNICIPAL,N,S,N,46009,200000,200000,-,-
2025,https://portalfns.saude.gov.br/wp-content/uploads/2026/01/REPASSE-FAF-COM-POPULACAO-2025.xlsx,Manutenção Das Ações E Serviços Públicos De Saúde,VIGILÂNCIA EM SAÚDE,,SP,SOROCABA,355220,762172,2025,12493507000103,FUNDO MUNICIPAL DE SAUDE DE SOROCABA,001,029238,000000470090,MUNICIPAL,N,S,N,46008,863914.32,863914.32,19196376.07,45991
2025,https://portalfns.saude.gov.br/wp-content/uploads/2026/01/REPASSE-FAF-COM-POPULACAO-2025.xlsx,Manutenção Das Ações E Serviços Públicos De Saúde,ASSISTÊNCIA FARMACÊUTICA,,SP,SOROCABA,355220,762172,2025,12493507000103,FUNDO MUNICIPAL DE SAUDE DE SOROCABA,001,029238,000000470090,MUNICIPAL,N,S,N,46006,6006561.5999999996,6006561.5999999996,19196376.07,45991
2025,https://portalfns.saude.gov.br/wp-content/uploads/2026/01/REPASSE-FAF-COM-POPULACAO-2025.xlsx,Manutenção Das Ações E Serviços Públicos De Saúde,ATENÇÃO PRIMÁRIA,,SP,SOROCABA,355220,762172,2025,12493507000103,FUNDO MUNICIPAL DE SAUDE DE SOROCABA,001,029238,000000470090,MUNICIPAL,N,S,N,46006,722327.5199999999,722327.5199999999,19196376.07,45991
2025,https://portalfns.saude.gov.br/wp-content/uploads/2026/01/REPASSE-FAF-COM-POPULACAO-2025.xlsx,Manutenção Das Ações E Serviços Públicos De Saúde,ATENÇÃO PRIMÁRIA,,SP,SOROCABA,355220,762172,2025,12493507000103,FUNDO MUNICIPAL DE SAUDE DE SOROCABA,001,029238,000000470090,MUNICIPAL,N,S,N,46006,4506881.04,4506881.04,19196376.07,45991
2025,https://portalfns.saude.gov.br/wp-content/uploads/2026/01/REPASSE-FAF-COM-POPULACAO-2025.xlsx,Manutenção Das Ações E Serviços Públicos De Saúde,ATENÇÃO PRIMÁRIA,,SP,SOROCABA,355220,762172,2025,12493507000103,FUNDO MUNICIPAL DE SAUDE DE SOROCABA,001,029238,000000470090,MUNICIPAL,N,S,N,46006,444676,444676,19196376.07,45991
2025,https://portalfns.saude.gov.br/wp-content/uploads/2026/01/REPASSE-FAF-COM-POPULACAO-2025.xlsx,Manutenção Das Ações E Serviços Públicos De Saúde,ATENÇÃO PRIMÁRIA,,SP,SOROCABA,355220,762172,2025,12493507000103,FUNDO MUNICIPAL DE SAUDE DE SOROCABA,001,029238,000000470090,MUNICIPAL,N,S,N,46006,17391393.75,17391393.75,19196376.07,45991
2025,https://portalfns.saude.gov.br/wp-content/uploads/2026/01/REPASSE-FAF-COM-POPULACAO-2025.xlsx,Manutenção Das Ações E Serviços Públicos De Saúde,ATENÇÃO PRIMÁRIA,,SP,SOROCABA,355220,762172,2025,12493507000103,FUNDO MUNICIPAL DE SAUDE DE SOROCABA,001,029238,000000470090,MUNICIPAL,N,S,N,46006,970500,970500,19196376.07,45991
2025,https://portalfns.saude.gov.br/wp-content/uploads/2026/01/REPASSE-FAF-COM-POPULACAO-2025.xlsx,Manutenção Das Ações E Serviços Públicos De Saúde,ATENÇÃO DE MÉDIA E ALTA COMPLEXIDADE AMBULATORIAL E HOSPITALAR,,SP,SOROCABA,355220,762172,2025,12493507000103,FUNDO MUNICIPAL DE SAUDE DE SOROCABA,001,029238,00656933,MUNICIPAL,N,S,N,46002,147993,147993,-,-
2025,https://portalfns.saude.gov.br/wp-content/uploads/2026/01/REPASSE-FAF-COM-POPULACAO-2025.xlsx,Manutenção Das Ações E Serviços Públicos De Saúde,ATENÇÃO PRIMÁRIA,,SP,SOROCABA,355220,762172,2025,12493507000103,FUNDO MUNICIPAL DE SAUDE DE SOROCABA,001,029238,000000470090,MUNICIPAL,N,S,N,46002,5413188,5413188,19196376.07,45991
2025,https://portalfns.saude.gov.br/wp-content/uploads/2026/01/REPASSE-FAF-COM-POPULACAO-2025.xlsx,Manutenção Das Ações E Serviços Públicos De Saúde,ATENÇÃO PRIMÁRIA,,SP,SOROCABA,355220,762172,2025,12493507000103,FUNDO MUNICIPAL DE SAUDE DE SOROCABA,001,029238,000000470090,MUNICIPAL,N,S,N,46002,114118.69,114118.69,19196376.07,45991
2025,https://portalfns.saude.gov.br/wp-content/uploads/2026/01/REPASSE-FAF-COM-POPULACAO-2025.xlsx,Manutenção Das Ações E Serviços Públicos De Saúde,ATENÇÃO DE MÉDIA E ALTA COMPLEXIDADE AMBULATORIAL E HOSPITALAR,,SP,SOROCABA,355220,762172,2025,12493507000103,FUNDO MUNICIPAL DE SAUDE DE SOROCABA,001,029238,00655406,MUNICIPAL,N,S,N,46001,500000,500000,-,-
2025,https://portalfns.saude.gov.br/wp-content/uploads/2026/01/REPASSE-FAF-COM-POPULACAO-2025.xlsx,Manutenção Das Ações E Serviços Públicos De Saúde,ATENÇÃO DE MÉDIA E ALTA COMPLEXIDADE AMBULATORIAL E HOSPITALAR,,SP,SOROCABA,355220,762172,2025,12493507000103,FUNDO MUNICIPAL DE SAUDE DE SOROCABA,001,029238,00655414,MUNICIPAL,N,S,N,46001,60000,60000,-,-
2025,https://portalfns.saude.gov.br/wp-content/uploads/2026/01/REPASSE-FAF-COM-POPULACAO-2025.xlsx,Manutenção Das Ações E Serviços Públicos De Saúde,ATENÇÃO DE MÉDIA E ALTA COMPLEXIDADE AMBULATORIAL E HOSPITALAR,,SP,SOROCABA,355220,762172,2025,12493507000103,FUNDO MUNICIPAL DE SAUDE DE SOROCABA,001,029238,000000470090,MUNICIPAL,N,S,N,45995,150676214.13999999,148463237.19999999,19196376.07,45991
2025,https://portalfns.saude.gov.br/wp-content/uploads/2026/01/REPASSE-FAF-COM-POPULACAO-2025.xlsx,Manutenção Das Ações E Serviços Públicos De Saúde,ATENÇÃO DE MÉDIA E ALTA COMPLEXIDADE AMBULATORIAL E HOSPITALAR,,SP,SOROCABA,355220,762172,2025,12493507000103,FUNDO MUNICIPAL DE SAUDE DE SOROCABA,001,029238,000000470090,MUNICIPAL,N,S,N,45995,3622710,3622710,19196376.07,45991
2025,https://portalfns.saude.gov.br/wp-content/uploads/2026/01/REPASSE-FAF-COM-POPULACAO-2025.xlsx,Manutenção Das Ações E Serviços Públicos De Saúde,ATENÇÃO DE MÉDIA E ALTA COMPLEXIDADE AMBULATORIAL E HOSPITALAR,,SP,SOROCABA,355220,762172,2025,12493507000103,FUNDO MUNICIPAL DE SAUDE DE SOROCABA,001,029238,00000063848X,MUNICIPAL,N,S,N,45993,600000,600000,0,45991
2025,https://portalfns.saude.gov.br/wp-content/uploads/2026/01/REPASSE-FAF-COM-POPULACAO-2025.xlsx,Manutenção Das Ações E Serviços Públicos De Saúde,ATENÇÃO DE MÉDIA E ALTA COMPLEXIDADE AMBULATORIAL E HOSPITALAR,,SP,SOROCABA,355220,762172,2025,12493507000103,FUNDO MUNICIPAL DE SAUDE DE SOROCABA,001,029238,000000638064,MUNICIPAL,N,S,N,45993,800000,800000,0,45991
2025,https://portalfns.saude.gov.br/wp-content/uploads/2026/01/REPASSE-FAF-COM-POPULACAO-2025.xlsx,Manutenção Das Ações E Serviços Públicos De Saúde,ATENÇÃO DE MÉDIA E ALTA COMPLEXIDADE AMBULATORIAL E HOSPITALAR,,SP,SOROCABA,355220,762172,2025,12493507000103,FUNDO MUNICIPAL DE SAUDE DE SOROCABA,001,029238,000000638080,MUNICIPAL,N,S,N,45993,600000,600000,0,45991
2025,https://portalfns.saude.gov.br/wp-content/uploads/2026/01/REPASSE-FAF-COM-POPULACAO-2025.xlsx,Manutenção Das Ações E Serviços Públicos De Saúde,ATENÇÃO DE MÉDIA E ALTA COMPLEXIDADE AMBULATORIAL E HOSPITALAR,,SP,SOROCABA,355220,762172,2025,12493507000103,FUNDO MUNICIPAL DE SAUDE DE SOROCABA,001,029238,000000638471,MUNICIPAL,N,S,N,45993,600000,600000,0,45991
2025,https://portalfns.saude.gov.br/wp-content/uploads/2026/01/REPASSE-FAF-COM-POPULACAO-2025.xlsx,Manutenção Das Ações E Serviços Públicos De Saúde,ATENÇÃO PRIMÁRIA,,SP,SOROCABA,355220,762172,2025,12493507000103,FUNDO MUNICIPAL DE SAUDE DE SOROCABA,001,029238,00652962,MUNICIPAL,N,S,N,45974,200000,200000,-,-
2025,https://portalfns.saude.gov.br/wp-content/uploads/2026/01/REPASSE-FAF-COM-POPULACAO-2025.xlsx,Manutenção Das Ações E Serviços Públicos De Saúde,ATENÇÃO DE MÉDIA E ALTA COMPLEXIDADE AMBULATORIAL E HOSPITALAR,,SP,SOROCABA,355220,762172,2025,12493507000103,FUNDO MUNICIPAL DE SAUDE DE SOROCABA,001,029238,0064868X,MUNICIPAL,N,S,N,45957,100000,100000,-,-
2025,https://portalfns.saude.gov.br/wp-content/uploads/2026/01/REPASSE-FAF-COM-POPULACAO-2025.xlsx,Manutenção Das Ações E Serviços Públicos De Saúde,ATENÇÃO DE MÉDIA E ALTA COMPLEXIDADE AMBULATORIAL E HOSPITALAR,,SP,SOROCABA,355220,762172,2025,12493507000103,FUNDO MUNICIPAL DE SAUDE DE SOROCABA,001,029238,000000470090,MUNICIPAL,N,S,N,45925,139432.35999999999,139432.35999999999,19196376.07,45991
2025,https://portalfns.saude.gov.br/wp-content/uploads/2026/01/REPASSE-FAF-COM-POPULACAO-2025.xlsx,Manutenção Das Ações E Serviços Públicos De Saúde,ATENÇÃO PRIMÁRIA,,SP,SOROCABA,355220,762172,2025,12493507000103,FUNDO MUNICIPAL DE SAUDE DE SOROCABA,001,029238,000000470090,MUNICIPAL,N,S,N,45925,108936.8,108936.8,19196376.07,45991
2025,https://portalfns.saude.gov.br/wp-content/uploads/2026/01/REPASSE-FAF-COM-POPULACAO-2025.xlsx,Manutenção Das Ações E Serviços Públicos De Saúde,ATENÇÃO DE MÉDIA E ALTA COMPLEXIDADE AMBULATORIAL E HOSPITALAR,,SP,SOROCABA,355220,762172,2025,12493507000103,FUNDO MUNICIPAL DE SAUDE DE SOROCABA,001,029238,000000638056,MUNICIPAL,N,S,N,45888,1000000,1000000,1030943.34,45991
2025,https://portalfns.saude.gov.br/wp-content/uploads/2026/01/REPASSE-FAF-COM-POPULACAO-2025.xlsx,Manutenção Das Ações E Serviços Públicos De Saúde,ATENÇÃO DE MÉDIA E ALTA COMPLEXIDADE AMBULATORIAL E HOSPITALAR,,SP,SOROCABA,355220,762172,2025,12493507000103,FUNDO MUNICIPAL DE SAUDE DE SOROCABA,001,029238,000000638072,MUNICIPAL,N,S,N,45877,500000,500000,517026.09,45991
2025,https://portalfns.saude.gov.br/wp-content/uploads/2026/01/REPASSE-FAF-COM-POPULACAO-2025.xlsx,Manutenção Das Ações E Serviços Públicos De Saúde,ATENÇÃO DE MÉDIA E ALTA COMPLEXIDADE AMBULATORIAL E HOSPITALAR,,SP,SOROCABA,355220,762172,2025,12493507000103,FUNDO MUNICIPAL DE SAUDE DE SOROCABA,001,029238,000000638668,MUNICIPAL,N,S,N,45873,100000,100000,103582.92,45991
2025,https://portalfns.saude.gov.br/wp-content/uploads/2026/01/REPASSE-FAF-COM-POPULACAO-2025.xlsx,Manutenção Das Ações E Serviços Públicos De Saúde,ATENÇÃO DE MÉDIA E ALTA COMPLEXIDADE AMBULATORIAL E HOSPITALAR,,SP,SOROCABA,355220,762172,2025,12493507000103,FUNDO MUNICIPAL DE SAUDE DE SOROCABA,001,029238,000000638676,MUNICIPAL,N,S,N,45873,100000,100000,103582.92,45991
2025,https://portalfns.saude.gov.br/wp-content/uploads/2026/01/REPASSE-FAF-COM-POPULACAO-2025.xlsx,Estruturação Da Rede De Serviços Públicos De Saúde,ATENÇÃO PRIMÁRIA,,SP,SOROCABA,355220,762172,2025,12493507000103,FUNDO MUNICIPAL DE SAUDE DE SOROCABA,001,029238,000000470104,MUNICIPAL,N,S,N,45846,10582690,10582690,11401073.300000001,45991
2025,https://portalfns.saude.gov.br/wp-content/uploads/2026/01/REPASSE-FAF-COM-POPULACAO-2025.xlsx,Manutenção Das Ações E Serviços Públicos De Saúde,ATENÇÃO DE MÉDIA E ALTA COMPLEXIDADE AMBULATORIAL E HOSPITALAR,,SP,SOROCABA,355220,762172,2025,12493507000103,FUNDO MUNICIPAL DE SAUDE DE SOROCABA,001,029238,000000470090,MUNICIPAL,N,S,N,45838,172.4,172.4,19196376.07,45991
2025,https://portalfns.saude.gov.br/wp-content/uploads/2026/01/REPASSE-FAF-COM-POPULACAO-2025.xlsx,Manutenção Das Ações E Serviços Públicos De Saúde,ATENÇÃO DE MÉDIA E ALTA COMPLEXIDADE AMBULATORIAL E HOSPITALAR,,SP,SOROCABA,355220,762172,2025,12493507000103,FUNDO MUNICIPAL DE SAUDE DE SOROCABA,001,029238,000000470090,MUNICIPAL,N,S,N,45741,5314.57,5314.57,19196376.07,45991
2025,https://portalfns.saude.gov.br/wp-content/uploads/2026/01/REPASSE-FAF-COM-POPULACAO-2025.xlsx,Manutenção Das Ações E Serviços Públicos De Saúde,ATENÇÃO DE MÉDIA E ALTA COMPLEXIDADE AMBULATORIAL E HOSPITALAR,,SP,SOROCABA,355220,762172,2025,12493507000103,FUNDO MUNICIPAL DE SAUDE DE SOROCABA,001,029238,000000620726,MUNICIPAL,N,S,N,45707,2000000,2000000,1844927.87,45991
2025,https://portalfns.saude.gov.br/wp-content/uploads/2026/01/REPASSE-FAF-COM-POPULACAO-2025.xlsx,Manutenção Das Ações E Serviços Públicos De Saúde,ATENÇÃO DE MÉDIA E ALTA COMPLEXIDADE AMBULATORIAL E HOSPITALAR,,SP,SOROCABA,355220,762172,2025,12493507000103,FUNDO MUNICIPAL DE SAUDE DE SOROCABA,001,029238,000000620734,MUNICIPAL,N,S,N,45707,1000000,1000000,69725.8,45991
2025,https://portalfns.saude.gov.br/wp-content/uploads/2026/01/REPASSE-FAF-COM-POPULACAO-2025.xlsx,Manutenção Das Ações E Serviços Públicos De Saúde,ATENÇÃO DE MÉDIA E ALTA COMPLEXIDADE AMBULATORIAL E HOSPITALAR,,SP,SOROCABA,355220,762172,2025,12493507000103,FUNDO MUNICIPAL DE SAUDE DE SOROCABA,001,029238,000000620742,MUNICIPAL,N,S,N,45707,100000,100000,108443.11,45991
2025,https://portalfns.saude.gov.br/wp-content/uploads/2026/01/REPASSE-FAF-COM-POPULACAO-2025.xlsx,Manutenção Das Ações E Serviços Públicos De Saúde,ATENÇÃO DE MÉDIA E ALTA COMPLEXIDADE AMBULATORIAL E HOSPITALAR,,SP,SOROCABA,355220,762172,2025,12493507000103,FUNDO MUNICIPAL DE SAUDE DE SOROCABA,001,029238,000000470090,MUNICIPAL,N,S,N,45694,160772.5,160772.5,19196376.07,45991
2025,https://portalfns.saude.gov.br/wp-content/uploads/2026/01/REPASSE-FAF-COM-POPULACAO-2025.xlsx,Manutenção Das Ações E Serviços Públicos De Saúde,ATENÇÃO PRIMÁRIA,,SP,SOROCABA,355220,762172,2025,12493507000103,FUNDO MUNICIPAL DE SAUDE DE SOROCABA,001,029238,000000470090,MUNICIPAL,N,S,N,45680,459.19,459.19,19196376.07,45991
2025,https://portalfns.saude.gov.br/wp-content/uploads/2026/01/REPASSE-FAF-COM-POPULACAO-2025.xlsx,Manutenção Das Ações E Serviços Públicos De Saúde,ATENÇÃO DE MÉDIA E ALTA COMPLEXIDADE AMBULATORIAL E HOSPITALAR,,SP,SOROCABA,355220,762172,2025,12493507000103,FUNDO MUNICIPAL DE SAUDE DE SOROCABA,001,029238,000000470090,MUNICIPAL,N,S,N,45678,851712.9,851712.9,19196376.07,45991
2026,https://portalfns.saude.gov.br/idg_download/repasse-faf-com-populacao-2026-acumulado-ate-marco/,Manutenção das Ações e Serviços Públicos de Saúde,"APOIO AOS ESTADOS, DISTRITO FEDERAL E MUNICÍPIOS PARA A VIGILÂNCIA EM SAÚDE",,SP,SOROCABA,355220,762172,2025,12493507000103,FUNDO MUNICIPAL DE SAUDE DE SOROCABA,001,029238,000000470090,MUNICIPAL,N,S,N,02/04/2026,752680.4,752680.4,1566.18,27/02/2026
2026,https://portalfns.saude.gov.br/idg_download/repasse-faf-com-populacao-2026-acumulado-ate-marco/,Manutenção das Ações e Serviços Públicos de Saúde,"ASSISTÊNCIA FINANCEIRA COMPLEMENTAR AOS ESTADOS, AO DISTRITO FEDERAL E AOS MUNICÍPIOS PARA O PAGAMENTO DO PISO SALARIAL DOS PROFISSIONAIS DA ENFERMAGEM",,SP,SOROCABA,355220,762172,2025,12493507000103,FUNDO MUNICIPAL DE SAUDE DE SOROCABA,001,029238,000000576204,MUNICIPAL,N,S,N,02/04/2026,520273.98,520273.98,640734.26,27/02/2026
2026,https://portalfns.saude.gov.br/idg_download/repasse-faf-com-populacao-2026-acumulado-ate-marco/,Manutenção das Ações e Serviços Públicos de Saúde,ATENÇÃO À SAÚDE DA POPULAÇÃO PARA PROCEDIMENTOS NO MAC,,SP,SOROCABA,355220,762172,2025,12493507000103,FUNDO MUNICIPAL DE SAUDE DE SOROCABA,001,029238,000000470090,MUNICIPAL,N,S,N,06/04/2026,48105763.960000001,47347302.520000003,1566.18,27/02/2026
2026,https://portalfns.saude.gov.br/idg_download/repasse-faf-com-populacao-2026-acumulado-ate-marco/,Manutenção das Ações e Serviços Públicos de Saúde,ATENÇÃO À SAÚDE DA POPULAÇÃO PARA PROCEDIMENTOS NO MAC,,SP,SOROCABA,355220,762172,2025,12493507000103,FUNDO MUNICIPAL DE SAUDE DE SOROCABA,001,029238,000000470090,MUNICIPAL,N,S,N,23/03/2026,847988.49,847988.49,1566.18,27/02/2026
2026,https://portalfns.saude.gov.br/idg_download/repasse-faf-com-populacao-2026-acumulado-ate-marco/,Manutenção das Ações e Serviços Públicos de Saúde,ATENÇÃO À SAÚDE DA POPULAÇÃO PARA PROCEDIMENTOS NO MAC,,SP,SOROCABA,355220,762172,2025,12493507000103,FUNDO MUNICIPAL DE SAUDE DE SOROCABA,001,029238,000000470090,MUNICIPAL,N,S,N,23/03/2026,2600,2600,1566.18,27/02/2026
2026,https://portalfns.saude.gov.br/idg_download/repasse-faf-com-populacao-2026-acumulado-ate-marco/,Manutenção das Ações e Serviços Públicos de Saúde,ATENÇÃO À SAÚDE DA POPULAÇÃO PARA PROCEDIMENTOS NO MAC,,SP,SOROCABA,355220,762172,2025,12493507000103,FUNDO MUNICIPAL DE SAUDE DE SOROCABA,001,029238,000000470090,MUNICIPAL,N,S,N,23/03/2026,554699.71,554699.71,1566.18,27/02/2026
2026,https://portalfns.saude.gov.br/idg_download/repasse-faf-com-populacao-2026-acumulado-ate-marco/,Manutenção das Ações e Serviços Públicos de Saúde,ATENÇÃO À SAÚDE DA POPULAÇÃO PARA PROCEDIMENTOS NO MAC,,SP,SOROCABA,355220,762172,2025,12493507000103,FUNDO MUNICIPAL DE SAUDE DE SOROCABA,001,029238,000000470090,MUNICIPAL,N,S,N,01/04/2026,746349.6,746349.6,1566.18,27/02/2026
2026,https://portalfns.saude.gov.br/idg_download/repasse-faf-com-populacao-2026-acumulado-ate-marco/,Manutenção das Ações e Serviços Públicos de Saúde,ATENÇÃO À SAÚDE DA POPULAÇÃO PARA PROCEDIMENTOS NO MAC,,SP,SOROCABA,355220,762172,2025,12493507000103,FUNDO MUNICIPAL DE SAUDE DE SOROCABA,001,029238,000000470090,MUNICIPAL,N,S,N,23/03/2026,1975404.26,1975404.26,1566.18,27/02/2026
2026,https://portalfns.saude.gov.br/idg_download/repasse-faf-com-populacao-2026-acumulado-ate-marco/,Manutenção das Ações e Serviços Públicos de Saúde,ATENÇÃO À SAÚDE DA POPULAÇÃO PARA PROCEDIMENTOS NO MAC,,SP,SOROCABA,355220,762172,2025,12493507000103,FUNDO MUNICIPAL DE SAUDE DE SOROCABA,001,029238,000000470090,MUNICIPAL,N,S,N,06/04/2026,1207570,1207570,1566.18,27/02/2026
2026,https://portalfns.saude.gov.br/idg_download/repasse-faf-com-populacao-2026-acumulado-ate-marco/,Manutenção das Ações e Serviços Públicos de Saúde,"INCENTIVO FINANCEIRO AOS ESTADOS, DISTRITO FEDERAL E MUNICÍPIOS PARA A VIGILÂNCIA EM SAÚDE",,SP,SOROCABA,355220,762172,2025,12493507000103,FUNDO MUNICIPAL DE SAUDE DE SOROCABA,001,029238,000000470090,MUNICIPAL,N,S,N,26/03/2026,215978.58,215978.58,1566.18,27/02/2026
2026,https://portalfns.saude.gov.br/idg_download/repasse-faf-com-populacao-2026-acumulado-ate-marco/,Manutenção das Ações e Serviços Públicos de Saúde,"INCENTIVO FINANCEIRO AOS ESTADOS, DISTRITO FEDERAL E MUNICÍPIOS PARA EXECUÇÃO DE AÇÕES DE VIGILÂNCIA SANITÁRIA",,SP,SOROCABA,355220,762172,2025,12493507000103,FUNDO MUNICIPAL DE SAUDE DE SOROCABA,001,029238,000000470090,MUNICIPAL,N,S,N,02/04/2026,152436,152436,1566.18,27/02/2026
2026,https://portalfns.saude.gov.br/idg_download/repasse-faf-com-populacao-2026-acumulado-ate-marco/,Manutenção das Ações e Serviços Públicos de Saúde,PISO DA ATENÇÃO PRIMÁRIA EM SAÚDE,,SP,SOROCABA,355220,762172,2025,12493507000103,FUNDO MUNICIPAL DE SAUDE DE SOROCABA,001,029238,000000470090,MUNICIPAL,N,S,N,12/03/2026,182908.38,182908.38,1566.18,27/02/2026
2026,https://portalfns.saude.gov.br/idg_download/repasse-faf-com-populacao-2026-acumulado-ate-marco/,Manutenção das Ações e Serviços Públicos de Saúde,PISO DA ATENÇÃO PRIMÁRIA EM SAÚDE,,SP,SOROCABA,355220,762172,2025,12493507000103,FUNDO MUNICIPAL DE SAUDE DE SOROCABA,001,029238,000000470090,MUNICIPAL,N,S,N,02/04/2026,1133730.8400000001,1133730.8400000001,1566.18,27/02/2026
2026,https://portalfns.saude.gov.br/idg_download/repasse-faf-com-populacao-2026-acumulado-ate-marco/,Manutenção das Ações e Serviços Públicos de Saúde,PISO DA ATENÇÃO PRIMÁRIA EM SAÚDE,,SP,SOROCABA,355220,762172,2025,12493507000103,FUNDO MUNICIPAL DE SAUDE DE SOROCABA,001,029238,000000470090,MUNICIPAL,N,S,N,12/03/2026,105000,105000,1566.18,27/02/2026
2026,https://portalfns.saude.gov.br/idg_download/repasse-faf-com-populacao-2026-acumulado-ate-marco/,Manutenção das Ações e Serviços Públicos de Saúde,PISO DA ATENÇÃO PRIMÁRIA EM SAÚDE,,SP,SOROCABA,355220,762172,2025,12493507000103,FUNDO MUNICIPAL DE SAUDE DE SOROCABA,001,029238,000000470090,MUNICIPAL,N,S,N,12/03/2026,4800294.6399999997,4800294.6399999997,1566.18,27/02/2026
2026,https://portalfns.saude.gov.br/idg_download/repasse-faf-com-populacao-2026-acumulado-ate-marco/,Manutenção das Ações e Serviços Públicos de Saúde,PISO DA ATENÇÃO PRIMÁRIA EM SAÚDE,,SP,SOROCABA,355220,762172,2025,12493507000103,FUNDO MUNICIPAL DE SAUDE DE SOROCABA,001,029238,000000470090,MUNICIPAL,N,S,N,12/03/2026,275625,275625,1566.18,27/02/2026
2026,https://portalfns.saude.gov.br/idg_download/repasse-faf-com-populacao-2026-acumulado-ate-marco/,Manutenção das Ações e Serviços Públicos de Saúde,PROMOÇÃO DA ASSISTÊNCIA FARMACÊUTICA E INSUMOS ESTRATÉGICOS NA ATENÇÃO PRIMÁRIA EM SAÚDE,,SP,SOROCABA,355220,762172,2025,12493507000103,FUNDO MUNICIPAL DE SAUDE DE SOROCABA,001,029238,000000470090,MUNICIPAL,N,S,N,18/03/2026,1571727.6,1571727.6,1566.18,27/02/2026
2026,https://portalfns.saude.gov.br/idg_download/repasse-faf-com-populacao-2026-acumulado-ate-marco/,Manutenção das Ações e Serviços Públicos de Saúde,TRANSFERÊNCIA AOS ENTES FEDERATIVOS PARA O PAGAMENTO DOS VENCIMENTOS DOS AGENTES COMUNITÁRIOS DE SAÚDE,,SP,SOROCABA,355220,762172,2025,12493507000103,FUNDO MUNICIPAL DE SAUDE DE SOROCABA,001,029238,000000470090,MUNICIPAL,N,S,N,12/03/2026,1264380,1264380,1566.18,27/02/2026
2026,https://portalfns.saude.gov.br/idg_download/repasse-faf-com-populacao-2026-acumulado-ate-marco/,Manutenção das Ações e Serviços Públicos de Saúde,TRANSFERÊNCIA AOS ENTES FEDERATIVOS PARA O PAGAMENTO DOS VENCIMENTOS DOS AGENTES DE COMBATE ÀS ENDEMIAS,,SP,SOROCABA,355220,762172,2025,12493507000103,FUNDO MUNICIPAL DE SAUDE DE SOROCABA,001,029238,000000470090,MUNICIPAL,N,S,N,02/04/2026,1692324,1692324,1566.18,27/02/2026
