ano,mes,orgao,ds_fonte_recurso,ds_cd_aplicacao_fixo,ds_alinea,ds_subalinea,vl_arrecadacao
2022,01,SERVIÇO AUTÔNOMO DE ÁGUA E ESGOTO DE SOROCABA,04 - RECURSOS PRÓPRIOS DA ADMINISTRAÇÃO INDIRETA,110 - GERAL,11220100 - Taxas pela Prestação de Serviços em Geral,11220103 - Taxas pela Prestação de Serviços em Geral - Dívida Ativa,"3.432,15"
2022,01,SERVIÇO AUTÔNOMO DE ÁGUA E ESGOTO DE SOROCABA,04 - RECURSOS PRÓPRIOS DA ADMINISTRAÇÃO INDIRETA,110 - GERAL,16110100 - Serviços Administrativos e Comerciais Gerais,16110101 - Serviços Administrativos e Comerciais Gerais - Principal,"-329.021,57"
2022,01,SERVIÇO AUTÔNOMO DE ÁGUA E ESGOTO DE SOROCABA,04 - RECURSOS PRÓPRIOS DA ADMINISTRAÇÃO INDIRETA,100 - GERAL TOTAL,13210100 - Remuneração de Depósitos Bancários,13210101 - Remuneração de Depósitos Bancários - Principal,"118,60"
2022,01,SERVIÇO AUTÔNOMO DE ÁGUA E ESGOTO DE SOROCABA,04 - RECURSOS PRÓPRIOS DA ADMINISTRAÇÃO INDIRETA,110 - GERAL,19999900 - Outras Receitas,19999921 - Outras Receitas Não Arrecadadas e Não Projetadas pela RFB - Primárias   - Principal,"422.658,95"
2022,01,SERVIÇO AUTÔNOMO DE ÁGUA E ESGOTO DE SOROCABA,04 - RECURSOS PRÓPRIOS DA ADMINISTRAÇÃO INDIRETA,110 - GERAL,16110100 - Serviços Administrativos e Comerciais Gerais,16110103 - Serviços Administrativos e Comerciais Gerais - Dívida Ativa,"4.554.665,68"
2022,01,SERVIÇO AUTÔNOMO DE ÁGUA E ESGOTO DE SOROCABA,04 - RECURSOS PRÓPRIOS DA ADMINISTRAÇÃO INDIRETA,100 - GERAL TOTAL,13210100 - Remuneração de Depósitos Bancários,13210101 - Remuneração de Depósitos Bancários - Principal,"71,15"
2022,01,SERVIÇO AUTÔNOMO DE ÁGUA E ESGOTO DE SOROCABA,04 - RECURSOS PRÓPRIOS DA ADMINISTRAÇÃO INDIRETA,110 - GERAL,19999900 - Outras Receitas,19999923 - Outras Receitas Não Arrecadadas e Não Projetadas pela RFB - Primárias   - Dívida Ativa,"309.553,66"
2022,01,SERVIÇO AUTÔNOMO DE ÁGUA E ESGOTO DE SOROCABA,04 - RECURSOS PRÓPRIOS DA ADMINISTRAÇÃO INDIRETA,110 - GERAL,16999900 - Outros Serviços,16999901 - Outros Serviços - Principal,"231.162,79"
2022,01,SERVIÇO AUTÔNOMO DE ÁGUA E ESGOTO DE SOROCABA,04 - RECURSOS PRÓPRIOS DA ADMINISTRAÇÃO INDIRETA,110 - GERAL,13210100 - Remuneração de Depósitos Bancários,13210101 - Remuneração de Depósitos Bancários - Principal,"280.577,32"
2022,01,SERVIÇO AUTÔNOMO DE ÁGUA E ESGOTO DE SOROCABA,07 - OPERAÇÕES DE CRÉDITO,100 - GERAL TOTAL,21125300 - Operações de Crédito Internas para Programas de Meio Ambiente,21125301 - Operações de Crédito Internas para Programas de Meio Ambiente - Principal,"2.183.700,21"
2022,01,SERVIÇO AUTÔNOMO DE ÁGUA E ESGOTO DE SOROCABA,04 - RECURSOS PRÓPRIOS DA ADMINISTRAÇÃO INDIRETA,110 - GERAL,16999900 - Outros Serviços,16999903 - Outros Serviços - Dívida Ativa,"703.897,43"
2022,01,SERVIÇO AUTÔNOMO DE ÁGUA E ESGOTO DE SOROCABA,04 - RECURSOS PRÓPRIOS DA ADMINISTRAÇÃO INDIRETA,110 - GERAL,11220100 - Taxas pela Prestação de Serviços em Geral,11220101 - Taxas pela Prestação de Serviços em Geral - Principal,"10.828,78"
2022,01,SERVIÇO AUTÔNOMO DE ÁGUA E ESGOTO DE SOROCABA,04 - RECURSOS PRÓPRIOS DA ADMINISTRAÇÃO INDIRETA,110 - GERAL,16110100 - Serviços Administrativos e Comerciais Gerais,16110101 - Serviços Administrativos e Comerciais Gerais - Principal,"17.956.520,40"
2022,01,SERVIÇO AUTÔNOMO DE ÁGUA E ESGOTO DE SOROCABA,05 - TRANSFERÊNCIAS E CONVÊNIOS FEDERAIS-VINCULADOS,100 - GERAL TOTAL,24145200 - Transferências de Convênios da União destinadas a Programas de Saneamento Básico,24145201 - Transferências de Convênios da União destinadas a Programas de Saneamento Básico - Principal,"40.671,31"
2022,01,SERVIÇO AUTÔNOMO DE ÁGUA E ESGOTO DE SOROCABA,04 - RECURSOS PRÓPRIOS DA ADMINISTRAÇÃO INDIRETA,110 - GERAL,19991200 - Encargos Legais pela Inscrição em Dívida Ativa e Receitas de Ônus de Sucumbência,19991221 - Ônus de Sucumbência - Principal,"108.901,85"
2022,02,SERVIÇO AUTÔNOMO DE ÁGUA E ESGOTO DE SOROCABA,04 - RECURSOS PRÓPRIOS DA ADMINISTRAÇÃO INDIRETA,110 - GERAL,16999900 - Outros Serviços,16999903 - Outros Serviços - Dívida Ativa,"4.307.413,02"
2022,02,SERVIÇO AUTÔNOMO DE ÁGUA E ESGOTO DE SOROCABA,04 - RECURSOS PRÓPRIOS DA ADMINISTRAÇÃO INDIRETA,110 - GERAL,11220100 - Taxas pela Prestação de Serviços em Geral,11220101 - Taxas pela Prestação de Serviços em Geral - Principal,"10.589,18"
2022,02,SERVIÇO AUTÔNOMO DE ÁGUA E ESGOTO DE SOROCABA,07 - OPERAÇÕES DE CRÉDITO,100 - GERAL TOTAL,21125200 - Operações de Crédito Internas para Programas de Saneamento,21125201 - Operações de Crédito Internas para Programas de Saneamento - Principal,"650.545,64"
2022,02,SERVIÇO AUTÔNOMO DE ÁGUA E ESGOTO DE SOROCABA,04 - RECURSOS PRÓPRIOS DA ADMINISTRAÇÃO INDIRETA,110 - GERAL,16110100 - Serviços Administrativos e Comerciais Gerais,16110101 - Serviços Administrativos e Comerciais Gerais - Principal,"16.383.274,59"
2022,02,SERVIÇO AUTÔNOMO DE ÁGUA E ESGOTO DE SOROCABA,04 - RECURSOS PRÓPRIOS DA ADMINISTRAÇÃO INDIRETA,110 - GERAL,19991200 - Encargos Legais pela Inscrição em Dívida Ativa e Receitas de Ônus de Sucumbência,19991221 - Ônus de Sucumbência - Principal,"4.852.084,38"
2022,02,SERVIÇO AUTÔNOMO DE ÁGUA E ESGOTO DE SOROCABA,04 - RECURSOS PRÓPRIOS DA ADMINISTRAÇÃO INDIRETA,110 - GERAL,11220100 - Taxas pela Prestação de Serviços em Geral,11220103 - Taxas pela Prestação de Serviços em Geral - Dívida Ativa,"1.536,88"
2022,02,SERVIÇO AUTÔNOMO DE ÁGUA E ESGOTO DE SOROCABA,07 - OPERAÇÕES DE CRÉDITO,100 - GERAL TOTAL,21125300 - Operações de Crédito Internas para Programas de Meio Ambiente,21125301 - Operações de Crédito Internas para Programas de Meio Ambiente - Principal,"-2.183.700,21"
2022,02,SERVIÇO AUTÔNOMO DE ÁGUA E ESGOTO DE SOROCABA,04 - RECURSOS PRÓPRIOS DA ADMINISTRAÇÃO INDIRETA,110 - GERAL,16110100 - Serviços Administrativos e Comerciais Gerais,16110101 - Serviços Administrativos e Comerciais Gerais - Principal,"-281.869,68"
2022,02,SERVIÇO AUTÔNOMO DE ÁGUA E ESGOTO DE SOROCABA,04 - RECURSOS PRÓPRIOS DA ADMINISTRAÇÃO INDIRETA,110 - GERAL,19999900 - Outras Receitas,19999921 - Outras Receitas Não Arrecadadas e Não Projetadas pela RFB - Primárias   - Principal,"1.319.770,06"
2022,02,SERVIÇO AUTÔNOMO DE ÁGUA E ESGOTO DE SOROCABA,04 - RECURSOS PRÓPRIOS DA ADMINISTRAÇÃO INDIRETA,100 - GERAL TOTAL,13210100 - Remuneração de Depósitos Bancários,13210101 - Remuneração de Depósitos Bancários - Principal,"114,80"
2022,02,SERVIÇO AUTÔNOMO DE ÁGUA E ESGOTO DE SOROCABA,04 - RECURSOS PRÓPRIOS DA ADMINISTRAÇÃO INDIRETA,110 - GERAL,16110100 - Serviços Administrativos e Comerciais Gerais,16110103 - Serviços Administrativos e Comerciais Gerais - Dívida Ativa,"16.614.168,08"
2022,02,SERVIÇO AUTÔNOMO DE ÁGUA E ESGOTO DE SOROCABA,04 - RECURSOS PRÓPRIOS DA ADMINISTRAÇÃO INDIRETA,110 - GERAL,19999900 - Outras Receitas,19999923 - Outras Receitas Não Arrecadadas e Não Projetadas pela RFB - Primárias   - Dívida Ativa,"20.986.682,68"
2022,02,SERVIÇO AUTÔNOMO DE ÁGUA E ESGOTO DE SOROCABA,04 - RECURSOS PRÓPRIOS DA ADMINISTRAÇÃO INDIRETA,100 - GERAL TOTAL,13210100 - Remuneração de Depósitos Bancários,13210101 - Remuneração de Depósitos Bancários - Principal,"68,87"
2022,02,SERVIÇO AUTÔNOMO DE ÁGUA E ESGOTO DE SOROCABA,04 - RECURSOS PRÓPRIOS DA ADMINISTRAÇÃO INDIRETA,110 - GERAL,16999900 - Outros Serviços,16999901 - Outros Serviços - Principal,"305.644,49"
2022,02,SERVIÇO AUTÔNOMO DE ÁGUA E ESGOTO DE SOROCABA,07 - OPERAÇÕES DE CRÉDITO,100 - GERAL TOTAL,21125200 - Operações de Crédito Internas para Programas de Saneamento,21125201 - Operações de Crédito Internas para Programas de Saneamento - Principal,"2.786.234,09"
2022,02,SERVIÇO AUTÔNOMO DE ÁGUA E ESGOTO DE SOROCABA,04 - RECURSOS PRÓPRIOS DA ADMINISTRAÇÃO INDIRETA,110 - GERAL,13210100 - Remuneração de Depósitos Bancários,13210101 - Remuneração de Depósitos Bancários - Principal,"258.476,37"
2022,03,SERVIÇO AUTÔNOMO DE ÁGUA E ESGOTO DE SOROCABA,04 - RECURSOS PRÓPRIOS DA ADMINISTRAÇÃO INDIRETA,110 - GERAL,16999900 - Outros Serviços,16999903 - Outros Serviços - Dívida Ativa,"2.435.603,64"
2022,03,SERVIÇO AUTÔNOMO DE ÁGUA E ESGOTO DE SOROCABA,04 - RECURSOS PRÓPRIOS DA ADMINISTRAÇÃO INDIRETA,110 - GERAL,11220100 - Taxas pela Prestação de Serviços em Geral,11220101 - Taxas pela Prestação de Serviços em Geral - Principal,"18.120,51"
2022,03,SERVIÇO AUTÔNOMO DE ÁGUA E ESGOTO DE SOROCABA,04 - RECURSOS PRÓPRIOS DA ADMINISTRAÇÃO INDIRETA,110 - GERAL,19999900 - Outras Receitas,19999923 - Outras Receitas Não Arrecadadas e Não Projetadas pela RFB - Primárias   - Dívida Ativa,"977.936,72"
2022,03,SERVIÇO AUTÔNOMO DE ÁGUA E ESGOTO DE SOROCABA,04 - RECURSOS PRÓPRIOS DA ADMINISTRAÇÃO INDIRETA,110 - GERAL,16110100 - Serviços Administrativos e Comerciais Gerais,16110101 - Serviços Administrativos e Comerciais Gerais - Principal,"28.538.622,32"
2022,03,SERVIÇO AUTÔNOMO DE ÁGUA E ESGOTO DE SOROCABA,04 - RECURSOS PRÓPRIOS DA ADMINISTRAÇÃO INDIRETA,110 - GERAL,19991200 - Encargos Legais pela Inscrição em Dívida Ativa e Receitas de Ônus de Sucumbência,19991221 - Ônus de Sucumbência - Principal,"412.183,83"
2022,03,SERVIÇO AUTÔNOMO DE ÁGUA E ESGOTO DE SOROCABA,04 - RECURSOS PRÓPRIOS DA ADMINISTRAÇÃO INDIRETA,110 - GERAL,11220100 - Taxas pela Prestação de Serviços em Geral,11220103 - Taxas pela Prestação de Serviços em Geral - Dívida Ativa,"907,54"
2022,03,SERVIÇO AUTÔNOMO DE ÁGUA E ESGOTO DE SOROCABA,07 - OPERAÇÕES DE CRÉDITO,100 - GERAL TOTAL,21125200 - Operações de Crédito Internas para Programas de Saneamento,21125201 - Operações de Crédito Internas para Programas de Saneamento - Principal,"510.554,99"
2022,03,SERVIÇO AUTÔNOMO DE ÁGUA E ESGOTO DE SOROCABA,04 - RECURSOS PRÓPRIOS DA ADMINISTRAÇÃO INDIRETA,110 - GERAL,16110100 - Serviços Administrativos e Comerciais Gerais,16110101 - Serviços Administrativos e Comerciais Gerais - Principal,"-398.549,89"
2022,03,SERVIÇO AUTÔNOMO DE ÁGUA E ESGOTO DE SOROCABA,04 - RECURSOS PRÓPRIOS DA ADMINISTRAÇÃO INDIRETA,110 - GERAL,19999900 - Outras Receitas,19999923 - Outras Receitas Não Arrecadadas e Não Projetadas pela RFB - Primárias   - Dívida Ativa,"-8,37"
2022,03,SERVIÇO AUTÔNOMO DE ÁGUA E ESGOTO DE SOROCABA,04 - RECURSOS PRÓPRIOS DA ADMINISTRAÇÃO INDIRETA,100 - GERAL TOTAL,13210100 - Remuneração de Depósitos Bancários,13210101 - Remuneração de Depósitos Bancários - Principal,"121,77"
2022,03,SERVIÇO AUTÔNOMO DE ÁGUA E ESGOTO DE SOROCABA,02 - TRANSFERÊNCIAS E CONVÊNIOS ESTADUAIS-VINCULADOS,100 - GERAL TOTAL,24225200 - Transferências de Convênios dos Estados destinadas a Programas de Saneamento Básico,24225201 - Transferências de Convênios dos Estados destinadas a Programas de Saneamento Básico - Principal,"55.019,43"
2022,03,SERVIÇO AUTÔNOMO DE ÁGUA E ESGOTO DE SOROCABA,04 - RECURSOS PRÓPRIOS DA ADMINISTRAÇÃO INDIRETA,110 - GERAL,16110100 - Serviços Administrativos e Comerciais Gerais,16110103 - Serviços Administrativos e Comerciais Gerais - Dívida Ativa,"897.913,16"
2022,03,SERVIÇO AUTÔNOMO DE ÁGUA E ESGOTO DE SOROCABA,04 - RECURSOS PRÓPRIOS DA ADMINISTRAÇÃO INDIRETA,110 - GERAL,19999900 - Outras Receitas,19999921 - Outras Receitas Não Arrecadadas e Não Projetadas pela RFB - Primárias   - Principal,"2.381.296,92"
2022,03,SERVIÇO AUTÔNOMO DE ÁGUA E ESGOTO DE SOROCABA,04 - RECURSOS PRÓPRIOS DA ADMINISTRAÇÃO INDIRETA,100 - GERAL TOTAL,13210100 - Remuneração de Depósitos Bancários,13210101 - Remuneração de Depósitos Bancários - Principal,"73,05"
2022,03,SERVIÇO AUTÔNOMO DE ÁGUA E ESGOTO DE SOROCABA,04 - RECURSOS PRÓPRIOS DA ADMINISTRAÇÃO INDIRETA,110 - GERAL,16999900 - Outros Serviços,16999901 - Outros Serviços - Principal,"404.794,98"
2022,03,SERVIÇO AUTÔNOMO DE ÁGUA E ESGOTO DE SOROCABA,04 - RECURSOS PRÓPRIOS DA ADMINISTRAÇÃO INDIRETA,110 - GERAL,19999900 - Outras Receitas,19999921 - Outras Receitas Não Arrecadadas e Não Projetadas pela RFB - Primárias   - Principal,"-1.311.390,31"
2022,03,SERVIÇO AUTÔNOMO DE ÁGUA E ESGOTO DE SOROCABA,04 - RECURSOS PRÓPRIOS DA ADMINISTRAÇÃO INDIRETA,110 - GERAL,13210100 - Remuneração de Depósitos Bancários,13210101 - Remuneração de Depósitos Bancários - Principal,"351.942,65"
2022,04,SERVIÇO AUTÔNOMO DE ÁGUA E ESGOTO DE SOROCABA,04 - RECURSOS PRÓPRIOS DA ADMINISTRAÇÃO INDIRETA,110 - GERAL,16999900 - Outros Serviços,16999903 - Outros Serviços - Dívida Ativa,"2.395.778,82"
2022,04,SERVIÇO AUTÔNOMO DE ÁGUA E ESGOTO DE SOROCABA,04 - RECURSOS PRÓPRIOS DA ADMINISTRAÇÃO INDIRETA,110 - GERAL,11220100 - Taxas pela Prestação de Serviços em Geral,11220103 - Taxas pela Prestação de Serviços em Geral - Dívida Ativa,"419,93"
2022,04,SERVIÇO AUTÔNOMO DE ÁGUA E ESGOTO DE SOROCABA,07 - OPERAÇÕES DE CRÉDITO,100 - GERAL TOTAL,21125200 - Operações de Crédito Internas para Programas de Saneamento,21125201 - Operações de Crédito Internas para Programas de Saneamento - Principal,"1.257.820,51"
2022,04,SERVIÇO AUTÔNOMO DE ÁGUA E ESGOTO DE SOROCABA,04 - RECURSOS PRÓPRIOS DA ADMINISTRAÇÃO INDIRETA,110 - GERAL,16110100 - Serviços Administrativos e Comerciais Gerais,16110101 - Serviços Administrativos e Comerciais Gerais - Principal,"24.196.426,81"
2022,04,SERVIÇO AUTÔNOMO DE ÁGUA E ESGOTO DE SOROCABA,04 - RECURSOS PRÓPRIOS DA ADMINISTRAÇÃO INDIRETA,110 - GERAL,19991200 - Encargos Legais pela Inscrição em Dívida Ativa e Receitas de Ônus de Sucumbência,19991221 - Ônus de Sucumbência - Principal,"409.735,85"
2022,04,SERVIÇO AUTÔNOMO DE ÁGUA E ESGOTO DE SOROCABA,04 - RECURSOS PRÓPRIOS DA ADMINISTRAÇÃO INDIRETA,100 - GERAL TOTAL,13210100 - Remuneração de Depósitos Bancários,13210101 - Remuneração de Depósitos Bancários - Principal,"155,52"
2022,04,SERVIÇO AUTÔNOMO DE ÁGUA E ESGOTO DE SOROCABA,04 - RECURSOS PRÓPRIOS DA ADMINISTRAÇÃO INDIRETA,110 - GERAL,16110100 - Serviços Administrativos e Comerciais Gerais,16110101 - Serviços Administrativos e Comerciais Gerais - Principal,"-323.498,48"
2022,04,SERVIÇO AUTÔNOMO DE ÁGUA E ESGOTO DE SOROCABA,04 - RECURSOS PRÓPRIOS DA ADMINISTRAÇÃO INDIRETA,110 - GERAL,19999900 - Outras Receitas,19999921 - Outras Receitas Não Arrecadadas e Não Projetadas pela RFB - Primárias   - Principal,"2.106.208,22"
2022,04,SERVIÇO AUTÔNOMO DE ÁGUA E ESGOTO DE SOROCABA,04 - RECURSOS PRÓPRIOS DA ADMINISTRAÇÃO INDIRETA,100 - GERAL TOTAL,13210100 - Remuneração de Depósitos Bancários,13210101 - Remuneração de Depósitos Bancários - Principal,"296,06"
2022,04,SERVIÇO AUTÔNOMO DE ÁGUA E ESGOTO DE SOROCABA,04 - RECURSOS PRÓPRIOS DA ADMINISTRAÇÃO INDIRETA,110 - GERAL,16110100 - Serviços Administrativos e Comerciais Gerais,16110103 - Serviços Administrativos e Comerciais Gerais - Dívida Ativa,"353.699,20"
2022,04,SERVIÇO AUTÔNOMO DE ÁGUA E ESGOTO DE SOROCABA,04 - RECURSOS PRÓPRIOS DA ADMINISTRAÇÃO INDIRETA,110 - GERAL,19999900 - Outras Receitas,19999921 - Outras Receitas Não Arrecadadas e Não Projetadas pela RFB - Primárias   - Principal,"-1.307.231,59"
2022,04,SERVIÇO AUTÔNOMO DE ÁGUA E ESGOTO DE SOROCABA,04 - RECURSOS PRÓPRIOS DA ADMINISTRAÇÃO INDIRETA,110 - GERAL,13210100 - Remuneração de Depósitos Bancários,13210101 - Remuneração de Depósitos Bancários - Principal,"720.283,67"
2022,04,SERVIÇO AUTÔNOMO DE ÁGUA E ESGOTO DE SOROCABA,04 - RECURSOS PRÓPRIOS DA ADMINISTRAÇÃO INDIRETA,110 - GERAL,16999900 - Outros Serviços,16999901 - Outros Serviços - Principal,"400.836,00"
2022,04,SERVIÇO AUTÔNOMO DE ÁGUA E ESGOTO DE SOROCABA,04 - RECURSOS PRÓPRIOS DA ADMINISTRAÇÃO INDIRETA,110 - GERAL,11220100 - Taxas pela Prestação de Serviços em Geral,11220101 - Taxas pela Prestação de Serviços em Geral - Principal,"14.756,90"
2022,04,SERVIÇO AUTÔNOMO DE ÁGUA E ESGOTO DE SOROCABA,04 - RECURSOS PRÓPRIOS DA ADMINISTRAÇÃO INDIRETA,110 - GERAL,19999900 - Outras Receitas,19999923 - Outras Receitas Não Arrecadadas e Não Projetadas pela RFB - Primárias   - Dívida Ativa,"916.044,97"
2022,04,SERVIÇO AUTÔNOMO DE ÁGUA E ESGOTO DE SOROCABA,04 - RECURSOS PRÓPRIOS DA ADMINISTRAÇÃO INDIRETA,110 - GERAL,16110100 - Serviços Administrativos e Comerciais Gerais,16110103 - Serviços Administrativos e Comerciais Gerais - Dívida Ativa,"-821,69"
2022,05,SERVIÇO AUTÔNOMO DE ÁGUA E ESGOTO DE SOROCABA,04 - RECURSOS PRÓPRIOS DA ADMINISTRAÇÃO INDIRETA,110 - GERAL,13210100 - Remuneração de Depósitos Bancários,13210101 - Remuneração de Depósitos Bancários - Principal,"618.346,75"
2022,05,SERVIÇO AUTÔNOMO DE ÁGUA E ESGOTO DE SOROCABA,04 - RECURSOS PRÓPRIOS DA ADMINISTRAÇÃO INDIRETA,110 - GERAL,16999900 - Outros Serviços,16999903 - Outros Serviços - Dívida Ativa,"2.384.674,50"
2022,05,SERVIÇO AUTÔNOMO DE ÁGUA E ESGOTO DE SOROCABA,04 - RECURSOS PRÓPRIOS DA ADMINISTRAÇÃO INDIRETA,100 - GERAL TOTAL,13210100 - Remuneração de Depósitos Bancários,13210101 - Remuneração de Depósitos Bancários - Principal,"-68,87"
2022,05,SERVIÇO AUTÔNOMO DE ÁGUA E ESGOTO DE SOROCABA,07 - OPERAÇÕES DE CRÉDITO,100 - GERAL TOTAL,21125200 - Operações de Crédito Internas para Programas de Saneamento,21125201 - Operações de Crédito Internas para Programas de Saneamento - Principal,"418.645,56"
2022,05,SERVIÇO AUTÔNOMO DE ÁGUA E ESGOTO DE SOROCABA,04 - RECURSOS PRÓPRIOS DA ADMINISTRAÇÃO INDIRETA,110 - GERAL,16110100 - Serviços Administrativos e Comerciais Gerais,16110101 - Serviços Administrativos e Comerciais Gerais - Principal,"27.048.352,74"
2022,05,SERVIÇO AUTÔNOMO DE ÁGUA E ESGOTO DE SOROCABA,04 - RECURSOS PRÓPRIOS DA ADMINISTRAÇÃO INDIRETA,110 - GERAL,11220100 - Taxas pela Prestação de Serviços em Geral,11220101 - Taxas pela Prestação de Serviços em Geral - Principal,"16.136,38"
2022,05,SERVIÇO AUTÔNOMO DE ÁGUA E ESGOTO DE SOROCABA,04 - RECURSOS PRÓPRIOS DA ADMINISTRAÇÃO INDIRETA,110 - GERAL,19991200 - Encargos Legais pela Inscrição em Dívida Ativa e Receitas de Ônus de Sucumbência,19991221 - Ônus de Sucumbência - Principal,"411.059,07"
2022,05,SERVIÇO AUTÔNOMO DE ÁGUA E ESGOTO DE SOROCABA,04 - RECURSOS PRÓPRIOS DA ADMINISTRAÇÃO INDIRETA,100 - GERAL TOTAL,13210100 - Remuneração de Depósitos Bancários,13210101 - Remuneração de Depósitos Bancários - Principal,"-73,05"
2022,05,SERVIÇO AUTÔNOMO DE ÁGUA E ESGOTO DE SOROCABA,04 - RECURSOS PRÓPRIOS DA ADMINISTRAÇÃO INDIRETA,110 - GERAL,16110100 - Serviços Administrativos e Comerciais Gerais,16110101 - Serviços Administrativos e Comerciais Gerais - Principal,"-345.463,95"
2022,05,SERVIÇO AUTÔNOMO DE ÁGUA E ESGOTO DE SOROCABA,04 - RECURSOS PRÓPRIOS DA ADMINISTRAÇÃO INDIRETA,110 - GERAL,11220100 - Taxas pela Prestação de Serviços em Geral,11220103 - Taxas pela Prestação de Serviços em Geral - Dívida Ativa,"284,80"
2022,05,SERVIÇO AUTÔNOMO DE ÁGUA E ESGOTO DE SOROCABA,04 - RECURSOS PRÓPRIOS DA ADMINISTRAÇÃO INDIRETA,110 - GERAL,19999900 - Outras Receitas,19999921 - Outras Receitas Não Arrecadadas e Não Projetadas pela RFB - Primárias   - Principal,"2.240.854,23"
2022,05,SERVIÇO AUTÔNOMO DE ÁGUA E ESGOTO DE SOROCABA,04 - RECURSOS PRÓPRIOS DA ADMINISTRAÇÃO INDIRETA,100 - GERAL TOTAL,13210100 - Remuneração de Depósitos Bancários,13210101 - Remuneração de Depósitos Bancários - Principal,"-296,06"
2022,05,SERVIÇO AUTÔNOMO DE ÁGUA E ESGOTO DE SOROCABA,04 - RECURSOS PRÓPRIOS DA ADMINISTRAÇÃO INDIRETA,110 - GERAL,16110100 - Serviços Administrativos e Comerciais Gerais,16110103 - Serviços Administrativos e Comerciais Gerais - Dívida Ativa,"240.008,74"
2022,05,SERVIÇO AUTÔNOMO DE ÁGUA E ESGOTO DE SOROCABA,04 - RECURSOS PRÓPRIOS DA ADMINISTRAÇÃO INDIRETA,100 - GERAL TOTAL,13210100 - Remuneração de Depósitos Bancários,13210101 - Remuneração de Depósitos Bancários - Principal,"-71,15"
2022,05,SERVIÇO AUTÔNOMO DE ÁGUA E ESGOTO DE SOROCABA,04 - RECURSOS PRÓPRIOS DA ADMINISTRAÇÃO INDIRETA,110 - GERAL,19999900 - Outras Receitas,19999921 - Outras Receitas Não Arrecadadas e Não Projetadas pela RFB - Primárias   - Principal,"-1.306.733,13"
2022,05,SERVIÇO AUTÔNOMO DE ÁGUA E ESGOTO DE SOROCABA,04 - RECURSOS PRÓPRIOS DA ADMINISTRAÇÃO INDIRETA,100 - GERAL TOTAL,13210100 - Remuneração de Depósitos Bancários,13210101 - Remuneração de Depósitos Bancários - Principal,"128,52"
2022,05,SERVIÇO AUTÔNOMO DE ÁGUA E ESGOTO DE SOROCABA,04 - RECURSOS PRÓPRIOS DA ADMINISTRAÇÃO INDIRETA,110 - GERAL,16999900 - Outros Serviços,16999901 - Outros Serviços - Principal,"399.191,63"
2022,05,SERVIÇO AUTÔNOMO DE ÁGUA E ESGOTO DE SOROCABA,04 - RECURSOS PRÓPRIOS DA ADMINISTRAÇÃO INDIRETA,110 - GERAL,13210100 - Remuneração de Depósitos Bancários,13210101 - Remuneração de Depósitos Bancários - Principal,"-12.144,28"
2022,05,SERVIÇO AUTÔNOMO DE ÁGUA E ESGOTO DE SOROCABA,04 - RECURSOS PRÓPRIOS DA ADMINISTRAÇÃO INDIRETA,110 - GERAL,19999900 - Outras Receitas,19999923 - Outras Receitas Não Arrecadadas e Não Projetadas pela RFB - Primárias   - Dívida Ativa,"922.249,06"
2022,06,SERVIÇO AUTÔNOMO DE ÁGUA E ESGOTO DE SOROCABA,07 - OPERAÇÕES DE CRÉDITO,100 - GERAL TOTAL,21125200 - Operações de Crédito Internas para Programas de Saneamento,21125201 - Operações de Crédito Internas para Programas de Saneamento - Principal,"409.931,67"
2022,06,SERVIÇO AUTÔNOMO DE ÁGUA E ESGOTO DE SOROCABA,04 - RECURSOS PRÓPRIOS DA ADMINISTRAÇÃO INDIRETA,110 - GERAL,16110100 - Serviços Administrativos e Comerciais Gerais,16110101 - Serviços Administrativos e Comerciais Gerais - Principal,"28.122.732,77"
2022,06,SERVIÇO AUTÔNOMO DE ÁGUA E ESGOTO DE SOROCABA,04 - RECURSOS PRÓPRIOS DA ADMINISTRAÇÃO INDIRETA,110 - GERAL,19991200 - Encargos Legais pela Inscrição em Dívida Ativa e Receitas de Ônus de Sucumbência,19991221 - Ônus de Sucumbência - Principal,"406.059,97"
2022,06,SERVIÇO AUTÔNOMO DE ÁGUA E ESGOTO DE SOROCABA,04 - RECURSOS PRÓPRIOS DA ADMINISTRAÇÃO INDIRETA,110 - GERAL,11220100 - Taxas pela Prestação de Serviços em Geral,11220101 - Taxas pela Prestação de Serviços em Geral - Principal,"15.918,38"
2022,06,SERVIÇO AUTÔNOMO DE ÁGUA E ESGOTO DE SOROCABA,07 - OPERAÇÕES DE CRÉDITO,100 - GERAL TOTAL,21125200 - Operações de Crédito Internas para Programas de Saneamento,21125201 - Operações de Crédito Internas para Programas de Saneamento - Principal,"187.099,69"
2022,06,SERVIÇO AUTÔNOMO DE ÁGUA E ESGOTO DE SOROCABA,04 - RECURSOS PRÓPRIOS DA ADMINISTRAÇÃO INDIRETA,110 - GERAL,16110100 - Serviços Administrativos e Comerciais Gerais,16110101 - Serviços Administrativos e Comerciais Gerais - Principal,"-344.222,91"
2022,06,SERVIÇO AUTÔNOMO DE ÁGUA E ESGOTO DE SOROCABA,04 - RECURSOS PRÓPRIOS DA ADMINISTRAÇÃO INDIRETA,110 - GERAL,19999900 - Outras Receitas,19999921 - Outras Receitas Não Arrecadadas e Não Projetadas pela RFB - Primárias   - Principal,"2.205.752,94"
2022,06,SERVIÇO AUTÔNOMO DE ÁGUA E ESGOTO DE SOROCABA,04 - RECURSOS PRÓPRIOS DA ADMINISTRAÇÃO INDIRETA,110 - GERAL,11220100 - Taxas pela Prestação de Serviços em Geral,11220103 - Taxas pela Prestação de Serviços em Geral - Dívida Ativa,"384,80"
2022,06,SERVIÇO AUTÔNOMO DE ÁGUA E ESGOTO DE SOROCABA,04 - RECURSOS PRÓPRIOS DA ADMINISTRAÇÃO INDIRETA,110 - GERAL,16110100 - Serviços Administrativos e Comerciais Gerais,16110103 - Serviços Administrativos e Comerciais Gerais - Dívida Ativa,"166.703,70"
2022,06,SERVIÇO AUTÔNOMO DE ÁGUA E ESGOTO DE SOROCABA,04 - RECURSOS PRÓPRIOS DA ADMINISTRAÇÃO INDIRETA,110 - GERAL,19999900 - Outras Receitas,19999921 - Outras Receitas Não Arrecadadas e Não Projetadas pela RFB - Primárias   - Principal,"-1.306.842,17"
2022,06,SERVIÇO AUTÔNOMO DE ÁGUA E ESGOTO DE SOROCABA,04 - RECURSOS PRÓPRIOS DA ADMINISTRAÇÃO INDIRETA,100 - GERAL TOTAL,13210100 - Remuneração de Depósitos Bancários,13210101 - Remuneração de Depósitos Bancários - Principal,"170,38"
2022,06,SERVIÇO AUTÔNOMO DE ÁGUA E ESGOTO DE SOROCABA,04 - RECURSOS PRÓPRIOS DA ADMINISTRAÇÃO INDIRETA,110 - GERAL,16999900 - Outros Serviços,16999901 - Outros Serviços - Principal,"429.230,49"
2022,06,SERVIÇO AUTÔNOMO DE ÁGUA E ESGOTO DE SOROCABA,04 - RECURSOS PRÓPRIOS DA ADMINISTRAÇÃO INDIRETA,110 - GERAL,19999900 - Outras Receitas,19999923 - Outras Receitas Não Arrecadadas e Não Projetadas pela RFB - Primárias   - Dívida Ativa,"915.651,23"
2022,06,SERVIÇO AUTÔNOMO DE ÁGUA E ESGOTO DE SOROCABA,04 - RECURSOS PRÓPRIOS DA ADMINISTRAÇÃO INDIRETA,110 - GERAL,13210100 - Remuneração de Depósitos Bancários,13210101 - Remuneração de Depósitos Bancários - Principal,"804.779,85"
2022,06,SERVIÇO AUTÔNOMO DE ÁGUA E ESGOTO DE SOROCABA,04 - RECURSOS PRÓPRIOS DA ADMINISTRAÇÃO INDIRETA,110 - GERAL,16999900 - Outros Serviços,16999903 - Outros Serviços - Dívida Ativa,"2.364.267,34"
2022,07,SERVIÇO AUTÔNOMO DE ÁGUA E ESGOTO DE SOROCABA,04 - RECURSOS PRÓPRIOS DA ADMINISTRAÇÃO INDIRETA,110 - GERAL,16110100 - Serviços Administrativos e Comerciais Gerais,16110103 - Serviços Administrativos e Comerciais Gerais - Dívida Ativa,"134.753,24"
2022,07,SERVIÇO AUTÔNOMO DE ÁGUA E ESGOTO DE SOROCABA,04 - RECURSOS PRÓPRIOS DA ADMINISTRAÇÃO INDIRETA,110 - GERAL,19999900 - Outras Receitas,19999921 - Outras Receitas Não Arrecadadas e Não Projetadas pela RFB - Primárias   - Principal,"-1.305.532,06"
2022,07,SERVIÇO AUTÔNOMO DE ÁGUA E ESGOTO DE SOROCABA,04 - RECURSOS PRÓPRIOS DA ADMINISTRAÇÃO INDIRETA,100 - GERAL TOTAL,13210100 - Remuneração de Depósitos Bancários,13210101 - Remuneração de Depósitos Bancários - Principal,"169,63"
2022,07,SERVIÇO AUTÔNOMO DE ÁGUA E ESGOTO DE SOROCABA,04 - RECURSOS PRÓPRIOS DA ADMINISTRAÇÃO INDIRETA,110 - GERAL,16999900 - Outros Serviços,16999901 - Outros Serviços - Principal,"405.988,63"
2022,07,SERVIÇO AUTÔNOMO DE ÁGUA E ESGOTO DE SOROCABA,04 - RECURSOS PRÓPRIOS DA ADMINISTRAÇÃO INDIRETA,110 - GERAL,19999900 - Outras Receitas,19999923 - Outras Receitas Não Arrecadadas e Não Projetadas pela RFB - Primárias   - Dívida Ativa,"898.600,44"
2022,07,SERVIÇO AUTÔNOMO DE ÁGUA E ESGOTO DE SOROCABA,04 - RECURSOS PRÓPRIOS DA ADMINISTRAÇÃO INDIRETA,110 - GERAL,13210100 - Remuneração de Depósitos Bancários,13210101 - Remuneração de Depósitos Bancários - Principal,"839.432,68"
2022,07,SERVIÇO AUTÔNOMO DE ÁGUA E ESGOTO DE SOROCABA,04 - RECURSOS PRÓPRIOS DA ADMINISTRAÇÃO INDIRETA,110 - GERAL,16999900 - Outros Serviços,16999903 - Outros Serviços - Dívida Ativa,"2.357.740,65"
2022,07,SERVIÇO AUTÔNOMO DE ÁGUA E ESGOTO DE SOROCABA,04 - RECURSOS PRÓPRIOS DA ADMINISTRAÇÃO INDIRETA,110 - GERAL,19999900 - Outras Receitas,19999924 - Outras Receitas Não Arrecadadas e Não Projetadas pela RFB - Primárias   - Dívida Ativa - Multas e Juros,"5.247,20"
2022,07,SERVIÇO AUTÔNOMO DE ÁGUA E ESGOTO DE SOROCABA,04 - RECURSOS PRÓPRIOS DA ADMINISTRAÇÃO INDIRETA,110 - GERAL,16110100 - Serviços Administrativos e Comerciais Gerais,16110101 - Serviços Administrativos e Comerciais Gerais - Principal,"25.294.378,78"
2022,07,SERVIÇO AUTÔNOMO DE ÁGUA E ESGOTO DE SOROCABA,04 - RECURSOS PRÓPRIOS DA ADMINISTRAÇÃO INDIRETA,110 - GERAL,19991200 - Encargos Legais pela Inscrição em Dívida Ativa e Receitas de Ônus de Sucumbência,19991221 - Ônus de Sucumbência - Principal,"410.646,39"
2022,07,SERVIÇO AUTÔNOMO DE ÁGUA E ESGOTO DE SOROCABA,04 - RECURSOS PRÓPRIOS DA ADMINISTRAÇÃO INDIRETA,110 - GERAL,11220100 - Taxas pela Prestação de Serviços em Geral,11220101 - Taxas pela Prestação de Serviços em Geral - Principal,"15.401,19"
2022,07,SERVIÇO AUTÔNOMO DE ÁGUA E ESGOTO DE SOROCABA,07 - OPERAÇÕES DE CRÉDITO,100 - GERAL TOTAL,21125200 - Operações de Crédito Internas para Programas de Saneamento,21125201 - Operações de Crédito Internas para Programas de Saneamento - Principal,"1.537.802,45"
2022,07,SERVIÇO AUTÔNOMO DE ÁGUA E ESGOTO DE SOROCABA,04 - RECURSOS PRÓPRIOS DA ADMINISTRAÇÃO INDIRETA,110 - GERAL,16110100 - Serviços Administrativos e Comerciais Gerais,16110101 - Serviços Administrativos e Comerciais Gerais - Principal,"-333.206,49"
2022,07,SERVIÇO AUTÔNOMO DE ÁGUA E ESGOTO DE SOROCABA,04 - RECURSOS PRÓPRIOS DA ADMINISTRAÇÃO INDIRETA,110 - GERAL,19999900 - Outras Receitas,19999921 - Outras Receitas Não Arrecadadas e Não Projetadas pela RFB - Primárias   - Principal,"2.231.393,66"
2022,07,SERVIÇO AUTÔNOMO DE ÁGUA E ESGOTO DE SOROCABA,04 - RECURSOS PRÓPRIOS DA ADMINISTRAÇÃO INDIRETA,110 - GERAL,11220100 - Taxas pela Prestação de Serviços em Geral,11220103 - Taxas pela Prestação de Serviços em Geral - Dívida Ativa,"374,29"
2022,08,SERVIÇO AUTÔNOMO DE ÁGUA E ESGOTO DE SOROCABA,04 - RECURSOS PRÓPRIOS DA ADMINISTRAÇÃO INDIRETA,110 - GERAL,19991200 - Encargos Legais pela Inscrição em Dívida Ativa e Receitas de Ônus de Sucumbência,19991221 - Ônus de Sucumbência - Principal,"410.686,60"
2022,08,SERVIÇO AUTÔNOMO DE ÁGUA E ESGOTO DE SOROCABA,04 - RECURSOS PRÓPRIOS DA ADMINISTRAÇÃO INDIRETA,110 - GERAL,11220100 - Taxas pela Prestação de Serviços em Geral,11220101 - Taxas pela Prestação de Serviços em Geral - Principal,"16.682,99"
2022,08,SERVIÇO AUTÔNOMO DE ÁGUA E ESGOTO DE SOROCABA,07 - OPERAÇÕES DE CRÉDITO,100 - GERAL TOTAL,21125200 - Operações de Crédito Internas para Programas de Saneamento,21125201 - Operações de Crédito Internas para Programas de Saneamento - Principal,"881.880,70"
2022,08,SERVIÇO AUTÔNOMO DE ÁGUA E ESGOTO DE SOROCABA,04 - RECURSOS PRÓPRIOS DA ADMINISTRAÇÃO INDIRETA,110 - GERAL,16110100 - Serviços Administrativos e Comerciais Gerais,16110101 - Serviços Administrativos e Comerciais Gerais - Principal,"-348.322,69"
2022,08,SERVIÇO AUTÔNOMO DE ÁGUA E ESGOTO DE SOROCABA,04 - RECURSOS PRÓPRIOS DA ADMINISTRAÇÃO INDIRETA,110 - GERAL,19999900 - Outras Receitas,19999924 - Outras Receitas Não Arrecadadas e Não Projetadas pela RFB - Primárias   - Dívida Ativa - Multas e Juros,"-5.247,20"
2022,08,SERVIÇO AUTÔNOMO DE ÁGUA E ESGOTO DE SOROCABA,04 - RECURSOS PRÓPRIOS DA ADMINISTRAÇÃO INDIRETA,110 - GERAL,11220100 - Taxas pela Prestação de Serviços em Geral,11220103 - Taxas pela Prestação de Serviços em Geral - Dívida Ativa,"125,58"
2022,08,SERVIÇO AUTÔNOMO DE ÁGUA E ESGOTO DE SOROCABA,07 - OPERAÇÕES DE CRÉDITO,100 - GERAL TOTAL,21125200 - Operações de Crédito Internas para Programas de Saneamento,21125201 - Operações de Crédito Internas para Programas de Saneamento - Principal,"131.933,74"
2022,08,SERVIÇO AUTÔNOMO DE ÁGUA E ESGOTO DE SOROCABA,04 - RECURSOS PRÓPRIOS DA ADMINISTRAÇÃO INDIRETA,110 - GERAL,16110100 - Serviços Administrativos e Comerciais Gerais,16110103 - Serviços Administrativos e Comerciais Gerais - Dívida Ativa,"118.960,25"
2022,08,SERVIÇO AUTÔNOMO DE ÁGUA E ESGOTO DE SOROCABA,04 - RECURSOS PRÓPRIOS DA ADMINISTRAÇÃO INDIRETA,110 - GERAL,19999900 - Outras Receitas,19999921 - Outras Receitas Não Arrecadadas e Não Projetadas pela RFB - Primárias   - Principal,"2.430.558,76"
2022,08,SERVIÇO AUTÔNOMO DE ÁGUA E ESGOTO DE SOROCABA,04 - RECURSOS PRÓPRIOS DA ADMINISTRAÇÃO INDIRETA,100 - GERAL TOTAL,13210100 - Remuneração de Depósitos Bancários,13210101 - Remuneração de Depósitos Bancários - Principal,"174,58"
2022,08,SERVIÇO AUTÔNOMO DE ÁGUA E ESGOTO DE SOROCABA,04 - RECURSOS PRÓPRIOS DA ADMINISTRAÇÃO INDIRETA,110 - GERAL,16999900 - Outros Serviços,16999901 - Outros Serviços - Principal,"436.690,27"
2022,08,SERVIÇO AUTÔNOMO DE ÁGUA E ESGOTO DE SOROCABA,04 - RECURSOS PRÓPRIOS DA ADMINISTRAÇÃO INDIRETA,110 - GERAL,19999900 - Outras Receitas,19999921 - Outras Receitas Não Arrecadadas e Não Projetadas pela RFB - Primárias   - Principal,"-1.367.153,82"
2022,08,SERVIÇO AUTÔNOMO DE ÁGUA E ESGOTO DE SOROCABA,04 - RECURSOS PRÓPRIOS DA ADMINISTRAÇÃO INDIRETA,110 - GERAL,13210100 - Remuneração de Depósitos Bancários,13210101 - Remuneração de Depósitos Bancários - Principal,"897.406,97"
2022,08,SERVIÇO AUTÔNOMO DE ÁGUA E ESGOTO DE SOROCABA,04 - RECURSOS PRÓPRIOS DA ADMINISTRAÇÃO INDIRETA,110 - GERAL,16999900 - Outros Serviços,16999903 - Outros Serviços - Dívida Ativa,"2.370.282,11"
2022,08,SERVIÇO AUTÔNOMO DE ÁGUA E ESGOTO DE SOROCABA,04 - RECURSOS PRÓPRIOS DA ADMINISTRAÇÃO INDIRETA,110 - GERAL,19999900 - Outras Receitas,19999923 - Outras Receitas Não Arrecadadas e Não Projetadas pela RFB - Primárias   - Dívida Ativa,"888.600,35"
2022,08,SERVIÇO AUTÔNOMO DE ÁGUA E ESGOTO DE SOROCABA,04 - RECURSOS PRÓPRIOS DA ADMINISTRAÇÃO INDIRETA,110 - GERAL,16110100 - Serviços Administrativos e Comerciais Gerais,16110101 - Serviços Administrativos e Comerciais Gerais - Principal,"26.159.470,06"
2022,09,SERVIÇO AUTÔNOMO DE ÁGUA E ESGOTO DE SOROCABA,02 - TRANSFERÊNCIAS E CONVÊNIOS ESTADUAIS-VINCULADOS,100 - GERAL TOTAL,13210100 - Remuneração de Depósitos Bancários,13210101 - Remuneração de Depósitos Bancários - Principal,"93,86"
2022,09,SERVIÇO AUTÔNOMO DE ÁGUA E ESGOTO DE SOROCABA,02 - TRANSFERÊNCIAS E CONVÊNIOS ESTADUAIS-VINCULADOS,100 - GERAL TOTAL,24225200 - Transferências de Convênios dos Estados destinadas a Programas de Saneamento Básico,24225201 - Transferências de Convênios dos Estados destinadas a Programas de Saneamento Básico - Principal,"77.353,38"
2022,09,SERVIÇO AUTÔNOMO DE ÁGUA E ESGOTO DE SOROCABA,04 - RECURSOS PRÓPRIOS DA ADMINISTRAÇÃO INDIRETA,110 - GERAL,16110100 - Serviços Administrativos e Comerciais Gerais,16110103 - Serviços Administrativos e Comerciais Gerais - Dívida Ativa,"105.251,53"
2022,09,SERVIÇO AUTÔNOMO DE ÁGUA E ESGOTO DE SOROCABA,04 - RECURSOS PRÓPRIOS DA ADMINISTRAÇÃO INDIRETA,110 - GERAL,19999900 - Outras Receitas,19999921 - Outras Receitas Não Arrecadadas e Não Projetadas pela RFB - Primárias   - Principal,"-1.303.767,16"
2022,09,SERVIÇO AUTÔNOMO DE ÁGUA E ESGOTO DE SOROCABA,04 - RECURSOS PRÓPRIOS DA ADMINISTRAÇÃO INDIRETA,100 - GERAL TOTAL,13210100 - Remuneração de Depósitos Bancários,13210101 - Remuneração de Depósitos Bancários - Principal,"200,96"
2022,09,SERVIÇO AUTÔNOMO DE ÁGUA E ESGOTO DE SOROCABA,04 - RECURSOS PRÓPRIOS DA ADMINISTRAÇÃO INDIRETA,110 - GERAL,16999900 - Outros Serviços,16999901 - Outros Serviços - Principal,"396.199,15"
2022,09,SERVIÇO AUTÔNOMO DE ÁGUA E ESGOTO DE SOROCABA,04 - RECURSOS PRÓPRIOS DA ADMINISTRAÇÃO INDIRETA,110 - GERAL,19999900 - Outras Receitas,19999923 - Outras Receitas Não Arrecadadas e Não Projetadas pela RFB - Primárias   - Dívida Ativa,"884.159,21"
2022,09,SERVIÇO AUTÔNOMO DE ÁGUA E ESGOTO DE SOROCABA,04 - RECURSOS PRÓPRIOS DA ADMINISTRAÇÃO INDIRETA,110 - GERAL,13210100 - Remuneração de Depósitos Bancários,13210101 - Remuneração de Depósitos Bancários - Principal,"1.043.981,15"
2022,09,SERVIÇO AUTÔNOMO DE ÁGUA E ESGOTO DE SOROCABA,04 - RECURSOS PRÓPRIOS DA ADMINISTRAÇÃO INDIRETA,110 - GERAL,16999900 - Outros Serviços,16999903 - Outros Serviços - Dívida Ativa,"2.343.842,62"
2022,09,SERVIÇO AUTÔNOMO DE ÁGUA E ESGOTO DE SOROCABA,04 - RECURSOS PRÓPRIOS DA ADMINISTRAÇÃO INDIRETA,110 - GERAL,11220100 - Taxas pela Prestação de Serviços em Geral,11220101 - Taxas pela Prestação de Serviços em Geral - Principal,"15.369,48"
2022,09,SERVIÇO AUTÔNOMO DE ÁGUA E ESGOTO DE SOROCABA,07 - OPERAÇÕES DE CRÉDITO,100 - GERAL TOTAL,21125200 - Operações de Crédito Internas para Programas de Saneamento,21125201 - Operações de Crédito Internas para Programas de Saneamento - Principal,"971.194,89"
2022,09,SERVIÇO AUTÔNOMO DE ÁGUA E ESGOTO DE SOROCABA,04 - RECURSOS PRÓPRIOS DA ADMINISTRAÇÃO INDIRETA,110 - GERAL,16110100 - Serviços Administrativos e Comerciais Gerais,16110101 - Serviços Administrativos e Comerciais Gerais - Principal,"25.952.541,09"
2022,09,SERVIÇO AUTÔNOMO DE ÁGUA E ESGOTO DE SOROCABA,04 - RECURSOS PRÓPRIOS DA ADMINISTRAÇÃO INDIRETA,110 - GERAL,19991200 - Encargos Legais pela Inscrição em Dívida Ativa e Receitas de Ônus de Sucumbência,19991221 - Ônus de Sucumbência - Principal,"436.611,86"
2022,09,SERVIÇO AUTÔNOMO DE ÁGUA E ESGOTO DE SOROCABA,04 - RECURSOS PRÓPRIOS DA ADMINISTRAÇÃO INDIRETA,110 - GERAL,11220100 - Taxas pela Prestação de Serviços em Geral,11220103 - Taxas pela Prestação de Serviços em Geral - Dívida Ativa,"427,29"
2022,09,SERVIÇO AUTÔNOMO DE ÁGUA E ESGOTO DE SOROCABA,07 - OPERAÇÕES DE CRÉDITO,100 - GERAL TOTAL,21125200 - Operações de Crédito Internas para Programas de Saneamento,21125201 - Operações de Crédito Internas para Programas de Saneamento - Principal,"275.137,62"
2022,09,SERVIÇO AUTÔNOMO DE ÁGUA E ESGOTO DE SOROCABA,04 - RECURSOS PRÓPRIOS DA ADMINISTRAÇÃO INDIRETA,110 - GERAL,16110100 - Serviços Administrativos e Comerciais Gerais,16110101 - Serviços Administrativos e Comerciais Gerais - Principal,"-338.187,92"
2022,09,SERVIÇO AUTÔNOMO DE ÁGUA E ESGOTO DE SOROCABA,04 - RECURSOS PRÓPRIOS DA ADMINISTRAÇÃO INDIRETA,110 - GERAL,19999900 - Outras Receitas,19999921 - Outras Receitas Não Arrecadadas e Não Projetadas pela RFB - Primárias   - Principal,"2.112.707,46"
2022,10,SERVIÇO AUTÔNOMO DE ÁGUA E ESGOTO DE SOROCABA,04 - RECURSOS PRÓPRIOS DA ADMINISTRAÇÃO INDIRETA,110 - GERAL,16110100 - Serviços Administrativos e Comerciais Gerais,16110103 - Serviços Administrativos e Comerciais Gerais - Dívida Ativa,"73.434,19"
2022,10,SERVIÇO AUTÔNOMO DE ÁGUA E ESGOTO DE SOROCABA,04 - RECURSOS PRÓPRIOS DA ADMINISTRAÇÃO INDIRETA,110 - GERAL,19999900 - Outras Receitas,19999923 - Outras Receitas Não Arrecadadas e Não Projetadas pela RFB - Primárias   - Dívida Ativa,"891.411,21"
2022,10,SERVIÇO AUTÔNOMO DE ÁGUA E ESGOTO DE SOROCABA,04 - RECURSOS PRÓPRIOS DA ADMINISTRAÇÃO INDIRETA,110 - GERAL,19999900 - Outras Receitas,19999921 - Outras Receitas Não Arrecadadas e Não Projetadas pela RFB - Primárias   - Principal,"-474,42"
2022,10,SERVIÇO AUTÔNOMO DE ÁGUA E ESGOTO DE SOROCABA,04 - RECURSOS PRÓPRIOS DA ADMINISTRAÇÃO INDIRETA,100 - GERAL TOTAL,13210100 - Remuneração de Depósitos Bancários,13210101 - Remuneração de Depósitos Bancários - Principal,"186,79"
2022,10,SERVIÇO AUTÔNOMO DE ÁGUA E ESGOTO DE SOROCABA,04 - RECURSOS PRÓPRIOS DA ADMINISTRAÇÃO INDIRETA,110 - GERAL,19999900 - Outras Receitas,19999921 - Outras Receitas Não Arrecadadas e Não Projetadas pela RFB - Primárias   - Principal,"-7.816,45"
2022,10,SERVIÇO AUTÔNOMO DE ÁGUA E ESGOTO DE SOROCABA,04 - RECURSOS PRÓPRIOS DA ADMINISTRAÇÃO INDIRETA,110 - GERAL,16999900 - Outros Serviços,16999901 - Outros Serviços - Principal,"435.084,30"
2022,10,SERVIÇO AUTÔNOMO DE ÁGUA E ESGOTO DE SOROCABA,07 - OPERAÇÕES DE CRÉDITO,100 - GERAL TOTAL,21125200 - Operações de Crédito Internas para Programas de Saneamento,21125201 - Operações de Crédito Internas para Programas de Saneamento - Principal,"1.144.583,51"
2022,10,SERVIÇO AUTÔNOMO DE ÁGUA E ESGOTO DE SOROCABA,04 - RECURSOS PRÓPRIOS DA ADMINISTRAÇÃO INDIRETA,110 - GERAL,19999900 - Outras Receitas,19999921 - Outras Receitas Não Arrecadadas e Não Projetadas pela RFB - Primárias   - Principal,"-17.119,65"
2022,10,SERVIÇO AUTÔNOMO DE ÁGUA E ESGOTO DE SOROCABA,04 - RECURSOS PRÓPRIOS DA ADMINISTRAÇÃO INDIRETA,110 - GERAL,13210100 - Remuneração de Depósitos Bancários,13210101 - Remuneração de Depósitos Bancários - Principal,"1.002.496,55"
2022,10,SERVIÇO AUTÔNOMO DE ÁGUA E ESGOTO DE SOROCABA,04 - RECURSOS PRÓPRIOS DA ADMINISTRAÇÃO INDIRETA,110 - GERAL,19999900 - Outras Receitas,19999921 - Outras Receitas Não Arrecadadas e Não Projetadas pela RFB - Primárias   - Principal,"-788,07"
2022,10,SERVIÇO AUTÔNOMO DE ÁGUA E ESGOTO DE SOROCABA,04 - RECURSOS PRÓPRIOS DA ADMINISTRAÇÃO INDIRETA,110 - GERAL,16999900 - Outros Serviços,16999903 - Outros Serviços - Dívida Ativa,"2.362.380,80"
2022,10,SERVIÇO AUTÔNOMO DE ÁGUA E ESGOTO DE SOROCABA,02 - TRANSFERÊNCIAS E CONVÊNIOS ESTADUAIS-VINCULADOS,100 - GERAL TOTAL,24225200 - Transferências de Convênios dos Estados destinadas a Programas de Saneamento Básico,24225201 - Transferências de Convênios dos Estados destinadas a Programas de Saneamento Básico - Principal,"77.353,38"
2022,10,SERVIÇO AUTÔNOMO DE ÁGUA E ESGOTO DE SOROCABA,04 - RECURSOS PRÓPRIOS DA ADMINISTRAÇÃO INDIRETA,110 - GERAL,19999900 - Outras Receitas,19999921 - Outras Receitas Não Arrecadadas e Não Projetadas pela RFB - Primárias   - Principal,"-1.424,21"
2022,10,SERVIÇO AUTÔNOMO DE ÁGUA E ESGOTO DE SOROCABA,04 - RECURSOS PRÓPRIOS DA ADMINISTRAÇÃO INDIRETA,110 - GERAL,16110100 - Serviços Administrativos e Comerciais Gerais,16110101 - Serviços Administrativos e Comerciais Gerais - Principal,"26.293.634,17"
2022,10,SERVIÇO AUTÔNOMO DE ÁGUA E ESGOTO DE SOROCABA,04 - RECURSOS PRÓPRIOS DA ADMINISTRAÇÃO INDIRETA,110 - GERAL,19999900 - Outras Receitas,19999921 - Outras Receitas Não Arrecadadas e Não Projetadas pela RFB - Primárias   - Principal,"2.167.793,09"
2022,10,SERVIÇO AUTÔNOMO DE ÁGUA E ESGOTO DE SOROCABA,04 - RECURSOS PRÓPRIOS DA ADMINISTRAÇÃO INDIRETA,110 - GERAL,19991200 - Encargos Legais pela Inscrição em Dívida Ativa e Receitas de Ônus de Sucumbência,19991221 - Ônus de Sucumbência - Principal,"408.743,65"
2022,10,SERVIÇO AUTÔNOMO DE ÁGUA E ESGOTO DE SOROCABA,04 - RECURSOS PRÓPRIOS DA ADMINISTRAÇÃO INDIRETA,110 - GERAL,11220100 - Taxas pela Prestação de Serviços em Geral,11220101 - Taxas pela Prestação de Serviços em Geral - Principal,"15.038,40"
2022,10,SERVIÇO AUTÔNOMO DE ÁGUA E ESGOTO DE SOROCABA,04 - RECURSOS PRÓPRIOS DA ADMINISTRAÇÃO INDIRETA,110 - GERAL,19999900 - Outras Receitas,19999921 - Outras Receitas Não Arrecadadas e Não Projetadas pela RFB - Primárias   - Principal,"-10.800,96"
2022,10,SERVIÇO AUTÔNOMO DE ÁGUA E ESGOTO DE SOROCABA,04 - RECURSOS PRÓPRIOS DA ADMINISTRAÇÃO INDIRETA,110 - GERAL,16110100 - Serviços Administrativos e Comerciais Gerais,16110101 - Serviços Administrativos e Comerciais Gerais - Principal,"-334.406,53"
2022,10,SERVIÇO AUTÔNOMO DE ÁGUA E ESGOTO DE SOROCABA,04 - RECURSOS PRÓPRIOS DA ADMINISTRAÇÃO INDIRETA,110 - GERAL,19999900 - Outras Receitas,19999921 - Outras Receitas Não Arrecadadas e Não Projetadas pela RFB - Primárias   - Principal,"-1.303.147,88"
2022,10,SERVIÇO AUTÔNOMO DE ÁGUA E ESGOTO DE SOROCABA,04 - RECURSOS PRÓPRIOS DA ADMINISTRAÇÃO INDIRETA,110 - GERAL,19999900 - Outras Receitas,19999921 - Outras Receitas Não Arrecadadas e Não Projetadas pela RFB - Primárias   - Principal,"-973,12"
2022,10,SERVIÇO AUTÔNOMO DE ÁGUA E ESGOTO DE SOROCABA,04 - RECURSOS PRÓPRIOS DA ADMINISTRAÇÃO INDIRETA,110 - GERAL,11220100 - Taxas pela Prestação de Serviços em Geral,11220103 - Taxas pela Prestação de Serviços em Geral - Dívida Ativa,"226,66"
2022,10,SERVIÇO AUTÔNOMO DE ÁGUA E ESGOTO DE SOROCABA,04 - RECURSOS PRÓPRIOS DA ADMINISTRAÇÃO INDIRETA,110 - GERAL,19999900 - Outras Receitas,19999921 - Outras Receitas Não Arrecadadas e Não Projetadas pela RFB - Primárias   - Principal,"-13.100,57"
2022,11,SERVIÇO AUTÔNOMO DE ÁGUA E ESGOTO DE SOROCABA,07 - OPERAÇÕES DE CRÉDITO,100 - GERAL TOTAL,21125200 - Operações de Crédito Internas para Programas de Saneamento,21125201 - Operações de Crédito Internas para Programas de Saneamento - Principal,"360.104,57"
2022,11,SERVIÇO AUTÔNOMO DE ÁGUA E ESGOTO DE SOROCABA,04 - RECURSOS PRÓPRIOS DA ADMINISTRAÇÃO INDIRETA,110 - GERAL,16110100 - Serviços Administrativos e Comerciais Gerais,16110101 - Serviços Administrativos e Comerciais Gerais - Principal,"-335.320,81"
2022,11,SERVIÇO AUTÔNOMO DE ÁGUA E ESGOTO DE SOROCABA,04 - RECURSOS PRÓPRIOS DA ADMINISTRAÇÃO INDIRETA,110 - GERAL,19999900 - Outras Receitas,19999921 - Outras Receitas Não Arrecadadas e Não Projetadas pela RFB - Primárias   - Principal,"2.360.851,91"
2022,11,SERVIÇO AUTÔNOMO DE ÁGUA E ESGOTO DE SOROCABA,02 - TRANSFERÊNCIAS E CONVÊNIOS ESTADUAIS-VINCULADOS,100 - GERAL TOTAL,13210100 - Remuneração de Depósitos Bancários,13210101 - Remuneração de Depósitos Bancários - Principal,"-93,86"
2022,11,SERVIÇO AUTÔNOMO DE ÁGUA E ESGOTO DE SOROCABA,02 - TRANSFERÊNCIAS E CONVÊNIOS ESTADUAIS-VINCULADOS,100 - GERAL TOTAL,24225200 - Transferências de Convênios dos Estados destinadas a Programas de Saneamento Básico,24225201 - Transferências de Convênios dos Estados destinadas a Programas de Saneamento Básico - Principal,"-77.353,38"
2022,11,SERVIÇO AUTÔNOMO DE ÁGUA E ESGOTO DE SOROCABA,04 - RECURSOS PRÓPRIOS DA ADMINISTRAÇÃO INDIRETA,110 - GERAL,16110100 - Serviços Administrativos e Comerciais Gerais,16110103 - Serviços Administrativos e Comerciais Gerais - Dívida Ativa,"65.164,79"
2022,11,SERVIÇO AUTÔNOMO DE ÁGUA E ESGOTO DE SOROCABA,04 - RECURSOS PRÓPRIOS DA ADMINISTRAÇÃO INDIRETA,110 - GERAL,19999900 - Outras Receitas,19999921 - Outras Receitas Não Arrecadadas e Não Projetadas pela RFB - Primárias   - Principal,"-1.303.995,22"
2022,11,SERVIÇO AUTÔNOMO DE ÁGUA E ESGOTO DE SOROCABA,04 - RECURSOS PRÓPRIOS DA ADMINISTRAÇÃO INDIRETA,100 - GERAL TOTAL,13210100 - Remuneração de Depósitos Bancários,13210101 - Remuneração de Depósitos Bancários - Principal,"179,76"
2022,11,SERVIÇO AUTÔNOMO DE ÁGUA E ESGOTO DE SOROCABA,02 - TRANSFERÊNCIAS E CONVÊNIOS ESTADUAIS-VINCULADOS,100 - GERAL TOTAL,24225200 - Transferências de Convênios dos Estados destinadas a Programas de Saneamento Básico,24225201 - Transferências de Convênios dos Estados destinadas a Programas de Saneamento Básico - Principal,"77.353,38"
2022,11,SERVIÇO AUTÔNOMO DE ÁGUA E ESGOTO DE SOROCABA,04 - RECURSOS PRÓPRIOS DA ADMINISTRAÇÃO INDIRETA,110 - GERAL,16999900 - Outros Serviços,16999901 - Outros Serviços - Principal,"356.835,84"
2022,11,SERVIÇO AUTÔNOMO DE ÁGUA E ESGOTO DE SOROCABA,04 - RECURSOS PRÓPRIOS DA ADMINISTRAÇÃO INDIRETA,110 - GERAL,19999900 - Outras Receitas,19999923 - Outras Receitas Não Arrecadadas e Não Projetadas pela RFB - Primárias   - Dívida Ativa,"853.699,22"
2022,11,SERVIÇO AUTÔNOMO DE ÁGUA E ESGOTO DE SOROCABA,04 - RECURSOS PRÓPRIOS DA ADMINISTRAÇÃO INDIRETA,110 - GERAL,13210100 - Remuneração de Depósitos Bancários,13210101 - Remuneração de Depósitos Bancários - Principal,"964.309,76"
2022,11,SERVIÇO AUTÔNOMO DE ÁGUA E ESGOTO DE SOROCABA,04 - RECURSOS PRÓPRIOS DA ADMINISTRAÇÃO INDIRETA,110 - GERAL,16999900 - Outros Serviços,16999903 - Outros Serviços - Dívida Ativa,"2.325.746,50"
2022,11,SERVIÇO AUTÔNOMO DE ÁGUA E ESGOTO DE SOROCABA,04 - RECURSOS PRÓPRIOS DA ADMINISTRAÇÃO INDIRETA,110 - GERAL,11220100 - Taxas pela Prestação de Serviços em Geral,11220101 - Taxas pela Prestação de Serviços em Geral - Principal,"15.213,15"
2022,11,SERVIÇO AUTÔNOMO DE ÁGUA E ESGOTO DE SOROCABA,07 - OPERAÇÕES DE CRÉDITO,100 - GERAL TOTAL,21125200 - Operações de Crédito Internas para Programas de Saneamento,21125201 - Operações de Crédito Internas para Programas de Saneamento - Principal,"960.307,94"
2022,11,SERVIÇO AUTÔNOMO DE ÁGUA E ESGOTO DE SOROCABA,04 - RECURSOS PRÓPRIOS DA ADMINISTRAÇÃO INDIRETA,110 - GERAL,16110100 - Serviços Administrativos e Comerciais Gerais,16110101 - Serviços Administrativos e Comerciais Gerais - Principal,"25.520.895,73"
2022,11,SERVIÇO AUTÔNOMO DE ÁGUA E ESGOTO DE SOROCABA,04 - RECURSOS PRÓPRIOS DA ADMINISTRAÇÃO INDIRETA,110 - GERAL,19991200 - Encargos Legais pela Inscrição em Dívida Ativa e Receitas de Ônus de Sucumbência,19991221 - Ônus de Sucumbência - Principal,"404.000,70"
2022,11,SERVIÇO AUTÔNOMO DE ÁGUA E ESGOTO DE SOROCABA,04 - RECURSOS PRÓPRIOS DA ADMINISTRAÇÃO INDIRETA,110 - GERAL,11220100 - Taxas pela Prestação de Serviços em Geral,11220103 - Taxas pela Prestação de Serviços em Geral - Dívida Ativa,"218,44"
2022,12,SERVIÇO AUTÔNOMO DE ÁGUA E ESGOTO DE SOROCABA,04 - RECURSOS PRÓPRIOS DA ADMINISTRAÇÃO INDIRETA,110 - GERAL,13210100 - Remuneração de Depósitos Bancários,13210101 - Remuneração de Depósitos Bancários - Principal,"959.674,05"
2022,12,SERVIÇO AUTÔNOMO DE ÁGUA E ESGOTO DE SOROCABA,04 - RECURSOS PRÓPRIOS DA ADMINISTRAÇÃO INDIRETA,110 - GERAL,16999900 - Outros Serviços,16999903 - Outros Serviços - Dívida Ativa,"2.337.980,66"
2022,12,SERVIÇO AUTÔNOMO DE ÁGUA E ESGOTO DE SOROCABA,04 - RECURSOS PRÓPRIOS DA ADMINISTRAÇÃO INDIRETA,110 - GERAL,11220100 - Taxas pela Prestação de Serviços em Geral,11220101 - Taxas pela Prestação de Serviços em Geral - Principal,"16.643,46"
2022,12,SERVIÇO AUTÔNOMO DE ÁGUA E ESGOTO DE SOROCABA,07 - OPERAÇÕES DE CRÉDITO,100 - GERAL TOTAL,21125200 - Operações de Crédito Internas para Programas de Saneamento,21125201 - Operações de Crédito Internas para Programas de Saneamento - Principal,"856.955,50"
2022,12,SERVIÇO AUTÔNOMO DE ÁGUA E ESGOTO DE SOROCABA,04 - RECURSOS PRÓPRIOS DA ADMINISTRAÇÃO INDIRETA,110 - GERAL,16110100 - Serviços Administrativos e Comerciais Gerais,16110101 - Serviços Administrativos e Comerciais Gerais - Principal,"27.482.267,37"
2022,12,SERVIÇO AUTÔNOMO DE ÁGUA E ESGOTO DE SOROCABA,04 - RECURSOS PRÓPRIOS DA ADMINISTRAÇÃO INDIRETA,110 - GERAL,19991200 - Encargos Legais pela Inscrição em Dívida Ativa e Receitas de Ônus de Sucumbência,19991221 - Ônus de Sucumbência - Principal,"411.962,80"
2022,12,SERVIÇO AUTÔNOMO DE ÁGUA E ESGOTO DE SOROCABA,04 - RECURSOS PRÓPRIOS DA ADMINISTRAÇÃO INDIRETA,110 - GERAL,11220100 - Taxas pela Prestação de Serviços em Geral,11220103 - Taxas pela Prestação de Serviços em Geral - Dívida Ativa,"160,39"
2022,12,SERVIÇO AUTÔNOMO DE ÁGUA E ESGOTO DE SOROCABA,07 - OPERAÇÕES DE CRÉDITO,100 - GERAL TOTAL,21125200 - Operações de Crédito Internas para Programas de Saneamento,21125201 - Operações de Crédito Internas para Programas de Saneamento - Principal,"717.280,22"
2022,12,SERVIÇO AUTÔNOMO DE ÁGUA E ESGOTO DE SOROCABA,04 - RECURSOS PRÓPRIOS DA ADMINISTRAÇÃO INDIRETA,110 - GERAL,16110100 - Serviços Administrativos e Comerciais Gerais,16110101 - Serviços Administrativos e Comerciais Gerais - Principal,"-351.483,69"
2022,12,SERVIÇO AUTÔNOMO DE ÁGUA E ESGOTO DE SOROCABA,04 - RECURSOS PRÓPRIOS DA ADMINISTRAÇÃO INDIRETA,110 - GERAL,19999900 - Outras Receitas,19999921 - Outras Receitas Não Arrecadadas e Não Projetadas pela RFB - Primárias   - Principal,"2.305.810,65"
2022,12,SERVIÇO AUTÔNOMO DE ÁGUA E ESGOTO DE SOROCABA,02 - TRANSFERÊNCIAS E CONVÊNIOS ESTADUAIS-VINCULADOS,100 - GERAL TOTAL,13210100 - Remuneração de Depósitos Bancários,13210101 - Remuneração de Depósitos Bancários - Principal,"502,46"
2022,12,SERVIÇO AUTÔNOMO DE ÁGUA E ESGOTO DE SOROCABA,04 - RECURSOS PRÓPRIOS DA ADMINISTRAÇÃO INDIRETA,110 - GERAL,16110100 - Serviços Administrativos e Comerciais Gerais,16110103 - Serviços Administrativos e Comerciais Gerais - Dívida Ativa,"69.827,36"
2022,12,SERVIÇO AUTÔNOMO DE ÁGUA E ESGOTO DE SOROCABA,04 - RECURSOS PRÓPRIOS DA ADMINISTRAÇÃO INDIRETA,110 - GERAL,19999900 - Outras Receitas,19999921 - Outras Receitas Não Arrecadadas e Não Projetadas pela RFB - Primárias   - Principal,"-1.308.707,36"
2022,12,SERVIÇO AUTÔNOMO DE ÁGUA E ESGOTO DE SOROCABA,04 - RECURSOS PRÓPRIOS DA ADMINISTRAÇÃO INDIRETA,100 - GERAL TOTAL,13210100 - Remuneração de Depósitos Bancários,13210101 - Remuneração de Depósitos Bancários - Principal,"179,03"
2022,12,SERVIÇO AUTÔNOMO DE ÁGUA E ESGOTO DE SOROCABA,04 - RECURSOS PRÓPRIOS DA ADMINISTRAÇÃO INDIRETA,110 - GERAL,16999900 - Outros Serviços,16999901 - Outros Serviços - Principal,"413.909,52"
2022,12,SERVIÇO AUTÔNOMO DE ÁGUA E ESGOTO DE SOROCABA,04 - RECURSOS PRÓPRIOS DA ADMINISTRAÇÃO INDIRETA,110 - GERAL,19999900 - Outras Receitas,19999923 - Outras Receitas Não Arrecadadas e Não Projetadas pela RFB - Primárias   - Dívida Ativa,"868.414,70"
