arquivo,area,ano,municipio,fonte_url,fonte_arquivo,script_extracao,validado_por,validado_em,sha256_raw,autorizado_por,status,observacao
funserv_rpps_sorocaba.csv,fiscal,multi,sorocaba,https://sorocaba.sp.gov.br/transparencia/,funserv_rpps.pdf,pipelines/baixar_funserv.py,retroativo,2026-05-22,3696a75f8573d5863df7f7ab69aae5ff4a30dd7c160f2333ddd823f97876a048,mantenedor,retroativo,retroativo: sha256_raw e hash do arquivo publico; raw original nao preservado localmente
despesas_gabinete_camara_sorocaba_2020.csv,camara/gabinete,2020,sorocaba,https://www.camarasorocaba.sp.gov.br/arquivos_publicos.html,gabinete_2020_<mes>.pdf,pipelines/extrair_despesas_gabinete_camara.py,retroativo,2026-05-22,0bd04f405e3340b3ccc303f8a08680b47b9dcd773f2a64a86110f0f5ea7e07fa,mantenedor,retroativo,retroativo: sha256_raw e hash do arquivo publico; raw original nao preservado localmente
despesas_gabinete_camara_sorocaba_2021.csv,camara/gabinete,2021,sorocaba,https://www.camarasorocaba.sp.gov.br/arquivos_publicos.html,gabinete_2021_<mes>.pdf,pipelines/extrair_despesas_gabinete_camara.py,retroativo,2026-05-22,7811b1fe54c25caaaafe3abbd4f562312fbe7df5fcd91a7ed2282f8f0f1566b8,mantenedor,retroativo,retroativo: sha256_raw e hash do arquivo publico; raw original nao preservado localmente
despesas_gabinete_camara_sorocaba_2022.csv,camara/gabinete,2022,sorocaba,https://www.camarasorocaba.sp.gov.br/arquivos_publicos.html,gabinete_2022_<mes>.pdf,pipelines/extrair_despesas_gabinete_camara.py,retroativo,2026-05-22,3e7c40bb9b4c91d2f7e49e2aa0a62fa9eeaa029b92ac404f1d7fffb3ba4a1247,mantenedor,retroativo,retroativo: sha256_raw e hash do arquivo publico; raw original nao preservado localmente
despesas_gabinete_camara_sorocaba_2023.csv,camara/gabinete,2023,sorocaba,https://www.camarasorocaba.sp.gov.br/arquivos_publicos.html,gabinete_2023_<mes>.pdf,pipelines/extrair_despesas_gabinete_camara.py,retroativo,2026-05-22,004d2832820f1215717d27d2dfda390b42f36337e516f7066ecebdae8f3158e0,mantenedor,retroativo,retroativo: sha256_raw e hash do arquivo publico; raw original nao preservado localmente
despesas_gabinete_camara_sorocaba_2024.csv,camara/gabinete,2024,sorocaba,https://www.camarasorocaba.sp.gov.br/arquivos_publicos.html,gabinete_2024_<mes>.pdf,pipelines/extrair_despesas_gabinete_camara.py,retroativo,2026-05-22,f13564960386c228188e153263cffc2ddffc8d3b7d3b80493f2efa5ec8ee0f77,mantenedor,retroativo,retroativo: sha256_raw e hash do arquivo publico; raw original nao preservado localmente
despesas_gabinete_camara_sorocaba_2025.csv,camara/gabinete,2025,sorocaba,https://www.camarasorocaba.sp.gov.br/arquivos_publicos.html,gabinete_2025_<mes>.pdf,pipelines/extrair_despesas_gabinete_camara.py,retroativo,2026-05-22,431effcd3007a24dface22b764cf096c0a3fa3b189690aa3828013560c736129,mantenedor,retroativo,retroativo: sha256_raw e hash do arquivo publico; raw original nao preservado localmente
despesas_gabinete_camara_sorocaba_2026.csv,camara/gabinete,2026,sorocaba,https://www.camarasorocaba.sp.gov.br/arquivos_publicos.html,gabinete_2026_<mes>.pdf,pipelines/extrair_despesas_gabinete_camara.py,retroativo,2026-05-22,627942ef3765c8f8670a731ab69490fa691afc1d8fbb420e05046182b9d56a3b,mantenedor,retroativo,retroativo: sha256_raw e hash do arquivo publico; raw original nao preservado localmente
pncp_sorocaba_2022_2026.csv,contratos,multi,sorocaba,https://pncp.gov.br/,pncp_api_contratos.json,pipelines/baixar_pncp_sorocaba.py,retroativo,2026-05-22,67ba1b385b407ac00a4c0373e24550197f1a14571ef2c3fd85dd4a3a1b342e99,mantenedor,retroativo,retroativo: sha256_raw e hash do arquivo publico; raw original nao preservado localmente
alertas_sdg_2025_sorocaba.csv,controle_externo,2025,sorocaba,https://www.tce.sp.gov.br/,tce_sdg_2025.pdf,pipelines/baixar_tce_sorocaba.py,retroativo,2026-05-22,034d91474971b9aa51bb05ecdf8129a5c838357e3be50816c7aca203b985cb89,mantenedor,retroativo,retroativo: sha256_raw e hash do arquivo publico; raw original nao preservado localmente
despesa_orcamentaria_sorocaba_2020.csv,despesa,2020,sorocaba,https://sorocaba.sp.gov.br/transparencia/,Livro_Contabil_Despesa_2020.pdf,pipelines/extrator_despesa_orcamentaria.py,retroativo,2026-05-22,b659679d8306c7bb1df81c4df0ded44dcfa75906a2f4f2b0a945a93f114b6eac,mantenedor,retroativo,retroativo: sha256_raw e hash do arquivo publico; raw original nao preservado localmente
despesa_orcamentaria_sorocaba_2021.csv,despesa,2021,sorocaba,https://sorocaba.sp.gov.br/transparencia/,Livro_Contabil_Despesa_2021.pdf,pipelines/extrator_despesa_orcamentaria.py,retroativo,2026-05-22,22432c7ec123ef559830ffb5222222060bcfa101857e0ffc215af003ffcf8ef8,mantenedor,retroativo,retroativo: sha256_raw e hash do arquivo publico; raw original nao preservado localmente
despesa_orcamentaria_sorocaba_2022.csv,despesa,2022,sorocaba,https://sorocaba.sp.gov.br/transparencia/,Livro_Contabil_Despesa_2022.pdf,pipelines/extrator_despesa_orcamentaria.py,retroativo,2026-05-22,e83eae88671fac186de6e1d361d93ee714c4bfb519cbe466499c1ca263661691,mantenedor,retroativo,retroativo: sha256_raw e hash do arquivo publico; raw original nao preservado localmente
despesa_orcamentaria_sorocaba_2023.csv,despesa,2023,sorocaba,https://sorocaba.sp.gov.br/transparencia/,Livro_Contabil_Despesa_2023.pdf,pipelines/extrator_despesa_orcamentaria.py,retroativo,2026-05-22,c391aa1fac06f6c9477287533bd236353c8639f373e585938e081e90c2d0b518,mantenedor,retroativo,retroativo: sha256_raw e hash do arquivo publico; raw original nao preservado localmente
despesa_orcamentaria_sorocaba_2024.csv,despesa,2024,sorocaba,https://sorocaba.sp.gov.br/transparencia/,Livro_Contabil_Despesa_2024.pdf,pipelines/extrator_despesa_orcamentaria.py,retroativo,2026-05-22,1d502a3c7f34930f0efd65f9120a37961125e0c6e5e62f4950699577b39b3616,mantenedor,retroativo,retroativo: sha256_raw e hash do arquivo publico; raw original nao preservado localmente
despesa_orcamentaria_sorocaba_2025.csv,despesa,2025,sorocaba,https://sorocaba.sp.gov.br/transparencia/,Livro_Contabil_Despesa_2025.pdf,pipelines/extrator_despesa_orcamentaria.py,retroativo,2026-05-22,7698199abbc554b53ae3f51bddcd6e89d9f4cdf70c10b18005e123ad3cd5beb3,mantenedor,retroativo,retroativo: sha256_raw e hash do arquivo publico; raw original nao preservado localmente
despesas_educacao_sorocaba_2020.csv,educacao,2020,sorocaba,https://sorocaba.sp.gov.br/transparencia/,RAD_educacao_2020.pdf,pipelines/extrator_educacao.py,retroativo,2026-05-22,52b592558e8eb7eb817b97ad0f110129ef095ae65280dccc41a749f136571713,mantenedor,retroativo,retroativo: sha256_raw e hash do arquivo publico; raw original nao preservado localmente
despesas_educacao_sorocaba_2021.csv,educacao,2021,sorocaba,https://sorocaba.sp.gov.br/transparencia/,RAD_educacao_2021.pdf,pipelines/extrator_educacao.py,retroativo,2026-05-22,f7fd20574f2cc50060894a3bb64687913c3e1ac06a44b333d8489dba4c6715ef,mantenedor,retroativo,retroativo: sha256_raw e hash do arquivo publico; raw original nao preservado localmente
despesas_educacao_sorocaba_2022.csv,educacao,2022,sorocaba,https://sorocaba.sp.gov.br/transparencia/,RAD_educacao_2022.pdf,pipelines/extrator_educacao.py,retroativo,2026-05-22,3cb3278fc868b8c6c68a8406190f5271936037440729587e66ac72f492054951,mantenedor,retroativo,retroativo: sha256_raw e hash do arquivo publico; raw original nao preservado localmente
despesas_educacao_sorocaba_2023.csv,educacao,2023,sorocaba,https://sorocaba.sp.gov.br/transparencia/,RAD_educacao_2023.pdf,pipelines/extrator_educacao.py,retroativo,2026-05-22,72409e929d4ac297ff3b5a52a868dae2747121b912dd2e16f0c4b37d5c0d8a70,mantenedor,retroativo,retroativo: sha256_raw e hash do arquivo publico; raw original nao preservado localmente
despesas_educacao_sorocaba_2024.csv,educacao,2024,sorocaba,https://sorocaba.sp.gov.br/transparencia/,RAD_educacao_2024.pdf,pipelines/extrator_educacao.py,retroativo,2026-05-22,18f5ae504c9be300ab76b680cecc41e9242b658e40b80f7b04ae6ac59828cc51,mantenedor,retroativo,retroativo: sha256_raw e hash do arquivo publico; raw original nao preservado localmente
despesas_educacao_sorocaba_2025.csv,educacao,2025,sorocaba,https://sorocaba.sp.gov.br/transparencia/,RAD_educacao_2025.pdf,pipelines/extrator_educacao.py,retroativo,2026-05-22,7ab84f34053b70da2d903b539401c7dd54b287b46c28f92b2dabc0d08c089cca,mantenedor,retroativo,retroativo: sha256_raw e hash do arquivo publico; raw original nao preservado localmente
receitas_base_educacao_sorocaba_2020.csv,educacao,2020,sorocaba,https://sorocaba.sp.gov.br/transparencia/,FUNDEB_2020.pdf,pipelines/extrator_educacao.py,retroativo,2026-05-22,a05e7d4e7b3862858ad64dc1e78c1891e66ae3e3c2792bb1873cf435a7a43cc5,mantenedor,retroativo,retroativo: sha256_raw e hash do arquivo publico; raw original nao preservado localmente
receitas_base_educacao_sorocaba_2021.csv,educacao,2021,sorocaba,https://sorocaba.sp.gov.br/transparencia/,FUNDEB_2021.pdf,pipelines/extrator_educacao.py,retroativo,2026-05-22,e3c515c13d6e105bb48f6dea933dd05708a58e678549c0d52c491bc6fe849715,mantenedor,retroativo,retroativo: sha256_raw e hash do arquivo publico; raw original nao preservado localmente
receitas_base_educacao_sorocaba_2022.csv,educacao,2022,sorocaba,https://sorocaba.sp.gov.br/transparencia/,FUNDEB_2022.pdf,pipelines/extrator_educacao.py,retroativo,2026-05-22,20528e74be96692a7eb8e6a5aa7886412dc88240e5b7d0619f9a517d3581fa12,mantenedor,retroativo,retroativo: sha256_raw e hash do arquivo publico; raw original nao preservado localmente
receitas_base_educacao_sorocaba_2023.csv,educacao,2023,sorocaba,https://sorocaba.sp.gov.br/transparencia/,FUNDEB_2023.pdf,pipelines/extrator_educacao.py,retroativo,2026-05-22,e9993e9835d8bf3880586663a34ba54fc1bb07ad82afcc580d4aa941ea580efb,mantenedor,retroativo,retroativo: sha256_raw e hash do arquivo publico; raw original nao preservado localmente
receitas_base_educacao_sorocaba_2024.csv,educacao,2024,sorocaba,https://sorocaba.sp.gov.br/transparencia/,FUNDEB_2024.pdf,pipelines/extrator_educacao.py,retroativo,2026-05-22,a947662b4e46ac082235aecb0765d4903d5063bd79060085f9dca67a6c8aedec,mantenedor,retroativo,retroativo: sha256_raw e hash do arquivo publico; raw original nao preservado localmente
receitas_base_educacao_sorocaba_2025.csv,educacao,2025,sorocaba,https://sorocaba.sp.gov.br/transparencia/,FUNDEB_2025.pdf,pipelines/extrator_educacao.py,retroativo,2026-05-22,050720ff0fe726828d5a26d0d6242788847ee4eb3203aaf1eb6b5422a9c29ef7,mantenedor,retroativo,retroativo: sha256_raw e hash do arquivo publico; raw original nao preservado localmente
emendas_cepa_por_ano_sorocaba.csv,emendas,multi,sorocaba,https://cepa.agenciadesenvolvimento.org.br/,cepa_emendas_api.json,pipelines/validar_emendas_cepa.py,retroativo,2026-05-22,37bf8ef755c827c2ae79adb7e1cfaff2349d9a5ccfc7a30444a83254dceb6890,mantenedor,retroativo,retroativo: sha256_raw e hash do arquivo publico; raw original nao preservado localmente
emendas_cepa_por_parlamentar_sorocaba.csv,emendas,multi,sorocaba,https://cepa.agenciadesenvolvimento.org.br/,cepa_emendas_api.json,pipelines/validar_emendas_cepa.py,retroativo,2026-05-22,c1f9b21c46aad0aa062e06f117aab97d9c9be214bc90129a6b90a618ccb0d5f2,mantenedor,retroativo,retroativo: sha256_raw e hash do arquivo publico; raw original nao preservado localmente
emendas_cepa_sorocaba_2020_2026.csv,emendas,multi,sorocaba,https://cepa.agenciadesenvolvimento.org.br/,cepa_emendas_api.json,pipelines/validar_emendas_cepa.py,retroativo,2026-05-22,929444a5afc6ddcb6311b59e80480ca164dee688209627deb13076f33637f5f2,mantenedor,retroativo,retroativo: sha256_raw e hash do arquivo publico; raw original nao preservado localmente
empenho_sorocaba_2020.csv,empenho,2020,sorocaba,https://sorocaba.sp.gov.br/transparencia/,Livro_Empenho_2020.pdf,pipelines/extrator_empenho.py,retroativo,2026-05-22,b33c4a7393dc8122f197758c57ea468a79070bbe806643db23504771134868a8,mantenedor,retroativo,retroativo: sha256_raw e hash do arquivo publico; raw original nao preservado localmente
empenho_sorocaba_2021.csv,empenho,2021,sorocaba,https://sorocaba.sp.gov.br/transparencia/,Livro_Empenho_2021.pdf,pipelines/extrator_empenho.py,retroativo,2026-05-22,29dbcf7334e47105db88b87c83163d7208e86283ff44139dd76f1aa929ae7e4b,mantenedor,retroativo,retroativo: sha256_raw e hash do arquivo publico; raw original nao preservado localmente
empenho_sorocaba_2022.csv,empenho,2022,sorocaba,https://sorocaba.sp.gov.br/transparencia/,Livro_Empenho_2022.pdf,pipelines/extrator_empenho.py,retroativo,2026-05-22,dfcb4b3e5db1ea2c0c550553e0125eae576cf69c1c2e6965789352efcb7d1fbd,mantenedor,retroativo,retroativo: sha256_raw e hash do arquivo publico; raw original nao preservado localmente
empenho_sorocaba_2023.csv,empenho,2023,sorocaba,https://sorocaba.sp.gov.br/transparencia/,Livro_Empenho_2023.pdf,pipelines/extrator_empenho.py,Codex,2026-05-29,8e50d32e5d629abc9ad89a190934143bc263753a396d7df63f79dbdaadbd0937,mantenedor,retroativo,retroativo: sha256_raw e hash do arquivo publico; raw original nao preservado localmente; caminhos locais sanitizados em data/public
empenho_sorocaba_2024.csv,empenho,2024,sorocaba,https://sorocaba.sp.gov.br/transparencia/,Livro_Empenho_2024.pdf,pipelines/extrator_empenho.py,retroativo,2026-05-22,9a822b0fd1e50e8d5aefc6bf54231013b4f50e70597544a15fef5bf7c7fb7587,mantenedor,retroativo,retroativo: sha256_raw e hash do arquivo publico; raw original nao preservado localmente
empenho_sorocaba_2025.csv,empenho,2025,sorocaba,https://sorocaba.sp.gov.br/transparencia/,Livro_Empenho_2025.pdf,pipelines/extrator_empenho.py,retroativo,2026-05-22,42c6eb978c523150dd2ccb6efcf2d41d7358641bd879ea574713882da2e9df1d,mantenedor,retroativo,retroativo: sha256_raw e hash do arquivo publico; raw original nao preservado localmente
despesas_executivo_sorocaba_2020.csv,executivo,2020,sorocaba,https://siconfi.tesouro.gov.br/,siconfi_rreo_an2020_bl6.json,pipelines/extrator_executivo.py,retroativo,2026-05-22,cebd5adea5564267bf7237d87e2506e93af210bd6e20f1413684db2eaf227cd1,mantenedor,retroativo,retroativo: sha256_raw e hash do arquivo publico; raw original nao preservado localmente
despesas_executivo_sorocaba_2021.csv,executivo,2021,sorocaba,https://siconfi.tesouro.gov.br/,siconfi_rreo_an2021_bl6.json,pipelines/extrator_executivo.py,retroativo,2026-05-22,7f6755a7d62c04bd80d6bcffa4159acec8d780c1b5308b07475970668cbe0e85,mantenedor,retroativo,retroativo: sha256_raw e hash do arquivo publico; raw original nao preservado localmente
despesas_executivo_sorocaba_2022.csv,executivo,2022,sorocaba,https://siconfi.tesouro.gov.br/,siconfi_rreo_an2022_bl6.json,pipelines/extrator_executivo.py,retroativo,2026-05-22,6d195e28a9cad1626491ec06de82075e429a71ac236b2cc0d3dd9d910fcd0d3e,mantenedor,retroativo,retroativo: sha256_raw e hash do arquivo publico; raw original nao preservado localmente
despesas_executivo_sorocaba_2023.csv,executivo,2023,sorocaba,https://siconfi.tesouro.gov.br/,siconfi_rreo_an2023_bl6.json,pipelines/extrator_executivo.py,retroativo,2026-05-22,6b5104b4b27a06a37202bd19c1a2dd3a1e03ddf315b83c227211922161f2b1f4,mantenedor,retroativo,retroativo: sha256_raw e hash do arquivo publico; raw original nao preservado localmente
despesas_executivo_sorocaba_2024.csv,executivo,2024,sorocaba,https://siconfi.tesouro.gov.br/,siconfi_rreo_an2024_bl6.json,pipelines/extrator_executivo.py,retroativo,2026-05-22,4c688d0a98752378fb6aa729c781a4688acaee804625efda4bbcaf56c902950d,mantenedor,retroativo,retroativo: sha256_raw e hash do arquivo publico; raw original nao preservado localmente
despesas_executivo_sorocaba_2025.csv,executivo,2025,sorocaba,https://siconfi.tesouro.gov.br/,siconfi_rreo_an2025_bl6.json,pipelines/extrator_executivo.py,retroativo,2026-05-22,ac9477e180f5705b2d1d5ba16fae62a0a1194d81e9562f57a3a786b9c219bb13,mantenedor,retroativo,retroativo: sha256_raw e hash do arquivo publico; raw original nao preservado localmente
divida_detalhada_sorocaba_2020.csv,fiscal,2020,sorocaba,https://siconfi.tesouro.gov.br/,siconfi_rgf_an2020_qd3.json,pipelines/extrator_divida_detalhada.py,retroativo,2026-05-22,ccc4f6e9a5ca0c52a7f99fc2496c6855ff2f95e6c5ad21c760eeb18084eb7d32,mantenedor,retroativo,retroativo: sha256_raw e hash do arquivo publico; raw original nao preservado localmente
divida_detalhada_sorocaba_2021.csv,fiscal,2021,sorocaba,https://siconfi.tesouro.gov.br/,siconfi_rgf_an2021_qd3.json,pipelines/extrator_divida_detalhada.py,retroativo,2026-05-22,5e219733edba299ab10c09abcc9ab80cd12503f5a20ae42adb0e780772ca69c2,mantenedor,retroativo,retroativo: sha256_raw e hash do arquivo publico; raw original nao preservado localmente
divida_detalhada_sorocaba_2022.csv,fiscal,2022,sorocaba,https://siconfi.tesouro.gov.br/,siconfi_rgf_an2022_qd3.json,pipelines/extrator_divida_detalhada.py,retroativo,2026-05-22,a0666b321f358c746ed43c6926321be863efdca7c1a0e7723ede699dc041e1c1,mantenedor,retroativo,retroativo: sha256_raw e hash do arquivo publico; raw original nao preservado localmente
divida_detalhada_sorocaba_2023.csv,fiscal,2023,sorocaba,https://siconfi.tesouro.gov.br/,siconfi_rgf_an2023_qd3.json,pipelines/extrator_divida_detalhada.py,retroativo,2026-05-22,02fd61f79030a697ca9a3503dc5b5393614fb9da91667944e3501b51146c8325,mantenedor,retroativo,retroativo: sha256_raw e hash do arquivo publico; raw original nao preservado localmente
divida_detalhada_sorocaba_2024.csv,fiscal,2024,sorocaba,https://siconfi.tesouro.gov.br/,siconfi_rgf_an2024_qd3.json,pipelines/extrator_divida_detalhada.py,retroativo,2026-05-22,344c4bee31e91c40125cd6fc9af33204302feabfdf06c7d00201509b08080d84,mantenedor,retroativo,retroativo: sha256_raw e hash do arquivo publico; raw original nao preservado localmente
divida_detalhada_sorocaba_2025.csv,fiscal,2025,sorocaba,https://siconfi.tesouro.gov.br/,siconfi_rgf_an2025_qd3.json,pipelines/extrator_divida_detalhada.py,retroativo,2026-05-22,26b19cdbc2a84bdea8482cf0142ce581a8b55c20a49dbbc0bef67cc1f20e6dd3,mantenedor,retroativo,retroativo: sha256_raw e hash do arquivo publico; raw original nao preservado localmente
divida_sorocaba_2020.csv,fiscal,2020,sorocaba,https://siconfi.tesouro.gov.br/,siconfi_rgf_an2020_qd3.json,pipelines/extrator_rgf_divida.py,retroativo,2026-05-22,7f408f7e91bb9d615f08aa0b7e4fd7228eac9c2f718a39bf7b0524290a2c791a,mantenedor,retroativo,retroativo: sha256_raw e hash do arquivo publico; raw original nao preservado localmente
divida_sorocaba_2021.csv,fiscal,2021,sorocaba,https://siconfi.tesouro.gov.br/,siconfi_rgf_an2021_qd3.json,pipelines/extrator_rgf_divida.py,retroativo,2026-05-22,266841f58b31092bf3e213bf386a907a5bf99dfdbbdc75eb66b1ed0f47f6f9e6,mantenedor,retroativo,retroativo: sha256_raw e hash do arquivo publico; raw original nao preservado localmente
divida_sorocaba_2022.csv,fiscal,2022,sorocaba,https://siconfi.tesouro.gov.br/,siconfi_rgf_an2022_qd3.json,pipelines/extrator_rgf_divida.py,retroativo,2026-05-22,80f44c270b360895a75ea2897fd99e16abfbe1c93ea5add1c5cbeb7966fc0f78,mantenedor,retroativo,retroativo: sha256_raw e hash do arquivo publico; raw original nao preservado localmente
divida_sorocaba_2023.csv,fiscal,2023,sorocaba,https://siconfi.tesouro.gov.br/,siconfi_rgf_an2023_qd3.json,pipelines/extrator_rgf_divida.py,retroativo,2026-05-22,a8782cb1824d76dcdd5098ca99e5355db98497c90bfed414add076eba4791bb0,mantenedor,retroativo,retroativo: sha256_raw e hash do arquivo publico; raw original nao preservado localmente
divida_sorocaba_2024.csv,fiscal,2024,sorocaba,https://siconfi.tesouro.gov.br/,siconfi_rgf_an2024_qd3.json,pipelines/extrator_rgf_divida.py,retroativo,2026-05-22,f07fa3593423c41d92c82e7ef8a3ecdfce1c59b807a8b1a82fc54d9ac955d96f,mantenedor,retroativo,retroativo: sha256_raw e hash do arquivo publico; raw original nao preservado localmente
divida_sorocaba_2025.csv,fiscal,2025,sorocaba,https://siconfi.tesouro.gov.br/,siconfi_rgf_an2025_qd3.json,pipelines/extrator_rgf_divida.py,retroativo,2026-05-22,2b54571406755c63f04d139b3e319217fafd90bdb3cc5005e07022ac995037b1,mantenedor,retroativo,retroativo: sha256_raw e hash do arquivo publico; raw original nao preservado localmente
natureza_despesa_sorocaba_2020.csv,fiscal,2020,sorocaba,https://siconfi.tesouro.gov.br/,siconfi_dca_an2020.json,pipelines/extrator_natureza_despesa.py,retroativo,2026-05-22,47fc6ce4f390d229bffd8577c0ebf6ea820762e44f6e5fdd1943691ccb073b4d,mantenedor,retroativo,retroativo: sha256_raw e hash do arquivo publico; raw original nao preservado localmente
natureza_despesa_sorocaba_2021.csv,fiscal,2021,sorocaba,https://siconfi.tesouro.gov.br/,siconfi_dca_an2021.json,pipelines/extrator_natureza_despesa.py,retroativo,2026-05-22,b1bc828d820efda57af2b7e29e72b1999cffc2c6c0078a38c75d10ae2c230734,mantenedor,retroativo,retroativo: sha256_raw e hash do arquivo publico; raw original nao preservado localmente
natureza_despesa_sorocaba_2022.csv,fiscal,2022,sorocaba,https://siconfi.tesouro.gov.br/,siconfi_dca_an2022.json,pipelines/extrator_natureza_despesa.py,retroativo,2026-05-22,ea9357da76c2e3fa0a4536798d507223121532e8f249102049b7dec1702b52a2,mantenedor,retroativo,retroativo: sha256_raw e hash do arquivo publico; raw original nao preservado localmente
natureza_despesa_sorocaba_2023.csv,fiscal,2023,sorocaba,https://siconfi.tesouro.gov.br/,siconfi_dca_an2023.json,pipelines/extrator_natureza_despesa.py,retroativo,2026-05-22,843edd203571c4de2e3bfbd2184eef607e2699198ec85b9440d9d967fda3468a,mantenedor,retroativo,retroativo: sha256_raw e hash do arquivo publico; raw original nao preservado localmente
natureza_despesa_sorocaba_2024.csv,fiscal,2024,sorocaba,https://siconfi.tesouro.gov.br/,siconfi_dca_an2024.json,pipelines/extrator_natureza_despesa.py,retroativo,2026-05-22,3b177ed4bde3ea20f19c4a2f8ee1601bbf92d36d862fbfa532e9963d56568db4,mantenedor,retroativo,retroativo: sha256_raw e hash do arquivo publico; raw original nao preservado localmente
natureza_despesa_sorocaba_2025.csv,fiscal,2025,sorocaba,https://siconfi.tesouro.gov.br/,siconfi_dca_an2025.json,pipelines/extrator_natureza_despesa.py,retroativo,2026-05-22,40b8371d0ee83981f38ec0cf8e1a03a698a1e43294b10747fe97da6c64a06d19,mantenedor,retroativo,retroativo: sha256_raw e hash do arquivo publico; raw original nao preservado localmente
pessoal_sorocaba_2020.csv,fiscal,2020,sorocaba,https://siconfi.tesouro.gov.br/,siconfi_rgf_an2020_qd3.json,pipelines/extrator_rgf_pessoal.py,retroativo,2026-05-22,6870256356c87f15604384bbcf29ed8de91b2dae1b8f12ee9fcef2734b5a8577,mantenedor,retroativo,retroativo: sha256_raw e hash do arquivo publico; raw original nao preservado localmente
pessoal_sorocaba_2021.csv,fiscal,2021,sorocaba,https://siconfi.tesouro.gov.br/,siconfi_rgf_an2021_qd3.json,pipelines/extrator_rgf_pessoal.py,retroativo,2026-05-22,092d9cdbd7acbea9b0bc568eea10e5c0ba0c9b06e30f5acbfc0c09d94e49c4e4,mantenedor,retroativo,retroativo: sha256_raw e hash do arquivo publico; raw original nao preservado localmente
pessoal_sorocaba_2022.csv,fiscal,2022,sorocaba,https://siconfi.tesouro.gov.br/,siconfi_rgf_an2022_qd3.json,pipelines/extrator_rgf_pessoal.py,retroativo,2026-05-22,5b9290b13c3e9faf7fcfdfc18233716a54a05d128308c8424a64cc9848d47253,mantenedor,retroativo,retroativo: sha256_raw e hash do arquivo publico; raw original nao preservado localmente
pessoal_sorocaba_2023.csv,fiscal,2023,sorocaba,https://siconfi.tesouro.gov.br/,siconfi_rgf_an2023_qd3.json,pipelines/extrator_rgf_pessoal.py,retroativo,2026-05-22,058348b46c250d6eb558867554731132addc3200612c37bd4b25334281901d4a,mantenedor,retroativo,retroativo: sha256_raw e hash do arquivo publico; raw original nao preservado localmente
pessoal_sorocaba_2024.csv,fiscal,2024,sorocaba,https://siconfi.tesouro.gov.br/,siconfi_rgf_an2024_qd3.json,pipelines/extrator_rgf_pessoal.py,retroativo,2026-05-22,7e01cf3b8e0d22e8806a4fd6664b767487d16d344c6f1d8817637773d67eec9d,mantenedor,retroativo,retroativo: sha256_raw e hash do arquivo publico; raw original nao preservado localmente
pessoal_sorocaba_2025.csv,fiscal,2025,sorocaba,https://siconfi.tesouro.gov.br/,siconfi_rgf_an2025_qd3.json,pipelines/extrator_rgf_pessoal.py,retroativo,2026-05-22,8c8c266e0a9a8799fe0b40d13ceb1e8ee7bd00eb7843e6cfb694fd6f32c22d74,mantenedor,retroativo,retroativo: sha256_raw e hash do arquivo publico; raw original nao preservado localmente
rcl_capital_sorocaba_2020.csv,fiscal,2020,sorocaba,https://siconfi.tesouro.gov.br/,siconfi_rreo_an2020_bl6.json,pipelines/extrator_receita_capital.py,retroativo,2026-05-22,340a63c5b5dfbd0c18d867bbe94af02b5ff748eddc0429e9e8087c975c3f7a04,mantenedor,retroativo,retroativo: sha256_raw e hash do arquivo publico; raw original nao preservado localmente
rcl_capital_sorocaba_2021.csv,fiscal,2021,sorocaba,https://siconfi.tesouro.gov.br/,siconfi_rreo_an2021_bl6.json,pipelines/extrator_receita_capital.py,retroativo,2026-05-22,4aa6d87913e29975282162e5a1e15e156b21cc60eb603f1d498951947efe9e5e,mantenedor,retroativo,retroativo: sha256_raw e hash do arquivo publico; raw original nao preservado localmente
rcl_capital_sorocaba_2022.csv,fiscal,2022,sorocaba,https://siconfi.tesouro.gov.br/,siconfi_rreo_an2022_bl6.json,pipelines/extrator_receita_capital.py,retroativo,2026-05-22,b1f8128443fbea2b0ed4eaeedfafd5eae665c659133fb6c4305fe17b5c2e1c9c,mantenedor,retroativo,retroativo: sha256_raw e hash do arquivo publico; raw original nao preservado localmente
rcl_capital_sorocaba_2023.csv,fiscal,2023,sorocaba,https://siconfi.tesouro.gov.br/,siconfi_rreo_an2023_bl6.json,pipelines/extrator_receita_capital.py,retroativo,2026-05-22,ddb23279b713cfc6ff0c4b44973167d6024d597718f64e893d2759f1b18e0d9d,mantenedor,retroativo,retroativo: sha256_raw e hash do arquivo publico; raw original nao preservado localmente
rcl_capital_sorocaba_2024.csv,fiscal,2024,sorocaba,https://siconfi.tesouro.gov.br/,siconfi_rreo_an2024_bl6.json,pipelines/extrator_receita_capital.py,retroativo,2026-05-22,d915cfb259943484ca1a228b7105e8b91a30acd62ff5312d596a77d3c58a6d54,mantenedor,retroativo,retroativo: sha256_raw e hash do arquivo publico; raw original nao preservado localmente
rcl_capital_sorocaba_2025.csv,fiscal,2025,sorocaba,https://siconfi.tesouro.gov.br/,siconfi_rreo_an2025_bl6.json,pipelines/extrator_receita_capital.py,retroativo,2026-05-22,ebfcd9aaf685fdaccca4121f0ea9315c6dd2beb39381940473b776d7c12b8bc8,mantenedor,retroativo,retroativo: sha256_raw e hash do arquivo publico; raw original nao preservado localmente
rcl_sorocaba_2020.csv,fiscal,2020,sorocaba,https://siconfi.tesouro.gov.br/,siconfi_rreo_an2020_bl6.json,pipelines/extrator_rcl.py,retroativo,2026-05-22,ca8cac038cbc67afcf7604b10dfd799d1567e91a0f086dc9e028fdec26d90258,mantenedor,retroativo,retroativo: sha256_raw e hash do arquivo publico; raw original nao preservado localmente
rcl_sorocaba_2021.csv,fiscal,2021,sorocaba,https://siconfi.tesouro.gov.br/,siconfi_rreo_an2021_bl6.json,pipelines/extrator_rcl.py,retroativo,2026-05-22,c6f8d134b77a211ac26484f4beec666096dcc671a46d73f78cb3f99a0724d167,mantenedor,retroativo,retroativo: sha256_raw e hash do arquivo publico; raw original nao preservado localmente
rcl_sorocaba_2022.csv,fiscal,2022,sorocaba,https://siconfi.tesouro.gov.br/,siconfi_rreo_an2022_bl6.json,pipelines/extrator_rcl.py,retroativo,2026-05-22,4f1a56c404f53f6086f54c6c97059364813f7103b736942af5c02bf8cc504010,mantenedor,retroativo,retroativo: sha256_raw e hash do arquivo publico; raw original nao preservado localmente
rcl_sorocaba_2023.csv,fiscal,2023,sorocaba,https://siconfi.tesouro.gov.br/,siconfi_rreo_an2023_bl6.json,pipelines/extrator_rcl.py,retroativo,2026-05-22,5d72826125297e16e9fceec8aeef594dda0e2d97d758e72439db51fafe0ec307,mantenedor,retroativo,retroativo: sha256_raw e hash do arquivo publico; raw original nao preservado localmente
rcl_sorocaba_2024.csv,fiscal,2024,sorocaba,https://siconfi.tesouro.gov.br/,siconfi_rreo_an2024_bl6.json,pipelines/extrator_rcl.py,retroativo,2026-05-22,f5f1673c79ded0370f9c460849ff15821bbad3522192063181acfc55301e264d,mantenedor,retroativo,retroativo: sha256_raw e hash do arquivo publico; raw original nao preservado localmente
rcl_sorocaba_2025.csv,fiscal,2025,sorocaba,https://siconfi.tesouro.gov.br/,siconfi_rreo_an2025_bl6.json,pipelines/extrator_rcl.py,retroativo,2026-05-22,3ad6f0ff65ebe4b53d7cc746c7a9ad21da3ecfaa18b35abbfd47e1cb3a1bcad5,mantenedor,retroativo,retroativo: sha256_raw e hash do arquivo publico; raw original nao preservado localmente
rpps_sorocaba_2020.csv,fiscal,2020,sorocaba,https://siconfi.tesouro.gov.br/,siconfi_rgf_an2020_qd3.json,pipelines/extrator_rpps.py,retroativo,2026-05-22,65c5a451e0312c8f104a4557aca19d2030ebb7e8725464b02bf692298497ba4d,mantenedor,retroativo,retroativo: sha256_raw e hash do arquivo publico; raw original nao preservado localmente
rpps_sorocaba_2021.csv,fiscal,2021,sorocaba,https://siconfi.tesouro.gov.br/,siconfi_rgf_an2021_qd3.json,pipelines/extrator_rpps.py,retroativo,2026-05-22,286c94be372ffc1fc6706816b5372859c896c51dfdf9a77f359a98a1d67cdce5,mantenedor,retroativo,retroativo: sha256_raw e hash do arquivo publico; raw original nao preservado localmente
rpps_sorocaba_2022.csv,fiscal,2022,sorocaba,https://siconfi.tesouro.gov.br/,siconfi_rgf_an2022_qd3.json,pipelines/extrator_rpps.py,retroativo,2026-05-22,3b5edbc32365f086b001f30183e56ec1803dac1113dbccedcb59661b8dac3eda,mantenedor,retroativo,retroativo: sha256_raw e hash do arquivo publico; raw original nao preservado localmente
rpps_sorocaba_2023.csv,fiscal,2023,sorocaba,https://siconfi.tesouro.gov.br/,siconfi_rgf_an2023_qd3.json,pipelines/extrator_rpps.py,retroativo,2026-05-22,b8278bd47dff7e4ee92220b33853ba19f634d1dcfeb82c9b15c9e3b3b62858d6,mantenedor,retroativo,retroativo: sha256_raw e hash do arquivo publico; raw original nao preservado localmente
rpps_sorocaba_2024.csv,fiscal,2024,sorocaba,https://siconfi.tesouro.gov.br/,siconfi_rgf_an2024_qd3.json,pipelines/extrator_rpps.py,retroativo,2026-05-22,d7831fb1ad194e62f1e63d7853a09431dad2fca888e06fb35cb9d11f06b42fa6,mantenedor,retroativo,retroativo: sha256_raw e hash do arquivo publico; raw original nao preservado localmente
rpps_sorocaba_2025.csv,fiscal,2025,sorocaba,https://siconfi.tesouro.gov.br/,siconfi_rgf_an2025_qd3.json,pipelines/extrator_rpps.py,retroativo,2026-05-22,23fb6bbcc9308ed3ae1da232f80bb6b42ac5fc30ee1f8f3f9e0a66570507d0f2,mantenedor,retroativo,retroativo: sha256_raw e hash do arquivo publico; raw original nao preservado localmente
fornecedores_agregado_sorocaba_2020.csv,fornecedores,2020,sorocaba,https://sorocaba.sp.gov.br/transparencia/,Conta_Corrente_Fornecedor_2020.pdf,pipelines/agregar_fornecedores_execucao.py,retroativo,2026-05-22,4af50b600c3493caef3ec2a3d4bccfc87846387ea7ac778c568ef486bf1d95da,mantenedor,retroativo,retroativo: sha256_raw e hash do arquivo publico; raw original nao preservado localmente
fornecedores_agregado_sorocaba_2021.csv,fornecedores,2021,sorocaba,https://sorocaba.sp.gov.br/transparencia/,Conta_Corrente_Fornecedor_2021.pdf,pipelines/agregar_fornecedores_execucao.py,retroativo,2026-05-22,3eec516d708c0eea97989980570d20d1cd08404b60adf3ce947b15bbe0427816,mantenedor,retroativo,retroativo: sha256_raw e hash do arquivo publico; raw original nao preservado localmente
fornecedores_agregado_sorocaba_2022.csv,fornecedores,2022,sorocaba,https://sorocaba.sp.gov.br/transparencia/,Conta_Corrente_Fornecedor_2022.pdf,pipelines/agregar_fornecedores_execucao.py,retroativo,2026-05-22,1d4fa7ea2d16a6764e9caa1e2c1ae7d5943052b2691f231f39894c33e3c203f2,mantenedor,retroativo,retroativo: sha256_raw e hash do arquivo publico; raw original nao preservado localmente
fornecedores_agregado_sorocaba_2023.csv,fornecedores,2023,sorocaba,https://sorocaba.sp.gov.br/transparencia/,Conta_Corrente_Fornecedor_2023.pdf,pipelines/agregar_fornecedores_execucao.py,retroativo,2026-05-22,1fa126e8622a719f4a691ba7f0670870ae0985d8a405ffa7097182a27875526f,mantenedor,retroativo,retroativo: sha256_raw e hash do arquivo publico; raw original nao preservado localmente
fornecedores_agregado_sorocaba_2024.csv,fornecedores,2024,sorocaba,https://sorocaba.sp.gov.br/transparencia/,Conta_Corrente_Fornecedor_2024.pdf,pipelines/agregar_fornecedores_execucao.py,retroativo,2026-05-22,f998ecdf340a5379424b5686c2938abc53cb0547d475af74161ac35348969af4,mantenedor,retroativo,retroativo: sha256_raw e hash do arquivo publico; raw original nao preservado localmente
fornecedores_agregado_sorocaba_2025.csv,fornecedores,2025,sorocaba,https://sorocaba.sp.gov.br/transparencia/,Conta_Corrente_Fornecedor_2025.pdf,pipelines/agregar_fornecedores_execucao.py,retroativo,2026-05-22,f6e4408ee7094d5768f29c141d0ccc362edffc8f715be2812e2d7950ac702379,mantenedor,retroativo,retroativo: sha256_raw e hash do arquivo publico; raw original nao preservado localmente
audiencia_loa_sorocaba_2022.csv,loa,2022,sorocaba,https://sorocaba.sp.gov.br/transparencia/,Relatorio_LOA_2022.pdf,pipelines/gerar_audiencia_loa.py,retroativo,2026-05-22,8476e71163c08b9213c9a60c298f6bc74cb9eab4e5be4fb2f8deabfb896d3adb,mantenedor,retroativo,retroativo: sha256_raw e hash do arquivo publico; raw original nao preservado localmente
audiencia_loa_sorocaba_2023.csv,loa,2023,sorocaba,https://sorocaba.sp.gov.br/transparencia/,Relatorio_LOA_2023.pdf,pipelines/gerar_audiencia_loa.py,retroativo,2026-05-22,792c0514199dd12919c90dc73cd064d9e3df0d4708b817336a24f5d458a6812c,mantenedor,retroativo,retroativo: sha256_raw e hash do arquivo publico; raw original nao preservado localmente
audiencia_loa_sorocaba_2024.csv,loa,2024,sorocaba,https://sorocaba.sp.gov.br/transparencia/,Relatorio_LOA_2024.pdf,pipelines/gerar_audiencia_loa.py,retroativo,2026-05-22,237208bbebe3ef2f815c171a8860ee57e10bea696813e20c7120e32a07cb9a1e,mantenedor,retroativo,retroativo: sha256_raw e hash do arquivo publico; raw original nao preservado localmente
audiencia_loa_sorocaba_2025.csv,loa,2025,sorocaba,https://sorocaba.sp.gov.br/transparencia/,Relatorio_LOA_2025.pdf,pipelines/gerar_audiencia_loa.py,retroativo,2026-05-22,1cee77a7fc49c5c94aff7c9e6926dc63b281ff648cab9b12eb7af50921306247,mantenedor,retroativo,retroativo: sha256_raw e hash do arquivo publico; raw original nao preservado localmente
audiencia_loa_sorocaba_2026.csv,loa,2026,sorocaba,https://sorocaba.sp.gov.br/transparencia/,Relatorio_LOA_2026.pdf,pipelines/gerar_audiencia_loa.py,retroativo,2026-05-22,68559f4fafe2a3c056c87e82043a703a0be33350604bb7d019cf27885712eb50,mantenedor,retroativo,retroativo: sha256_raw e hash do arquivo publico; raw original nao preservado localmente
receitas_sorocaba_2020.csv,receita,2020,sorocaba,https://siconfi.tesouro.gov.br/,siconfi_rreo_an2020_bl6.json,pipelines/extrator_receita.py,retroativo,2026-05-22,b1ff5114b1bee955b64a1fceb984acdb0850d86824998e56b8e93310836267ff,mantenedor,retroativo,retroativo: sha256_raw e hash do arquivo publico; raw original nao preservado localmente
receitas_sorocaba_2021.csv,receita,2021,sorocaba,https://siconfi.tesouro.gov.br/,siconfi_rreo_an2021_bl6.json,pipelines/extrator_receita.py,retroativo,2026-05-22,48b37734b5c735e025ceac7bd508a925c8b726cc470f9e4777355d55673992cb,mantenedor,retroativo,retroativo: sha256_raw e hash do arquivo publico; raw original nao preservado localmente
receitas_sorocaba_2022.csv,receita,2022,sorocaba,https://siconfi.tesouro.gov.br/,siconfi_rreo_an2022_bl6.json,pipelines/extrator_receita.py,retroativo,2026-05-22,79e53bc3a4893b1932d405fc99e56778291b124fe4f6fd3b281ecae1dfc76a40,mantenedor,retroativo,retroativo: sha256_raw e hash do arquivo publico; raw original nao preservado localmente
receitas_sorocaba_2023.csv,receita,2023,sorocaba,https://siconfi.tesouro.gov.br/,siconfi_rreo_an2023_bl6.json,pipelines/extrator_receita.py,retroativo,2026-05-22,dda85078239beb2fba565d59bbacebd6783f1452d71a3566c32c231a7743993a,mantenedor,retroativo,retroativo: sha256_raw e hash do arquivo publico; raw original nao preservado localmente
receitas_sorocaba_2024.csv,receita,2024,sorocaba,https://siconfi.tesouro.gov.br/,siconfi_rreo_an2024_bl6.json,pipelines/extrator_receita.py,retroativo,2026-05-22,3fca9b95791b5e57a0faf28de0c3447e739bb92922e0c3f41c69a62e8db5ee1d,mantenedor,retroativo,retroativo: sha256_raw e hash do arquivo publico; raw original nao preservado localmente
receitas_sorocaba_2025.csv,receita,2025,sorocaba,https://siconfi.tesouro.gov.br/,siconfi_rreo_an2025_bl6.json,pipelines/extrator_receita.py,retroativo,2026-05-22,2ef306fd2a135ba845f0622bc93c0252049e28b004b81a640d4c44bdf606dc79,mantenedor,retroativo,retroativo: sha256_raw e hash do arquivo publico; raw original nao preservado localmente
restos_agregado_sorocaba_2020.csv,restos,2020,sorocaba,https://sorocaba.sp.gov.br/transparencia/,Conta_Corrente_Restos_2020.pdf,pipelines/agregar_restos_a_pagar.py,retroativo,2026-05-22,0f728def638b6a5f55f844105e326003bb7702d9fa576281f61f01b3dadfd7f0,mantenedor,retroativo,retroativo: sha256_raw e hash do arquivo publico; raw original nao preservado localmente
restos_agregado_sorocaba_2021.csv,restos,2021,sorocaba,https://sorocaba.sp.gov.br/transparencia/,Conta_Corrente_Restos_2021.pdf,pipelines/agregar_restos_a_pagar.py,retroativo,2026-05-22,b745cb4d659972e883535be4f89814a70749e000d5a88752a6773a4ce5ebbeef,mantenedor,retroativo,retroativo: sha256_raw e hash do arquivo publico; raw original nao preservado localmente
restos_agregado_sorocaba_2022.csv,restos,2022,sorocaba,https://sorocaba.sp.gov.br/transparencia/,Conta_Corrente_Restos_2022.pdf,pipelines/agregar_restos_a_pagar.py,retroativo,2026-05-22,df983d9474580a1d51c3799c38d10a75c21fd17136af005deefe1306d6bc52c7,mantenedor,retroativo,retroativo: sha256_raw e hash do arquivo publico; raw original nao preservado localmente
restos_agregado_sorocaba_2023.csv,restos,2023,sorocaba,https://sorocaba.sp.gov.br/transparencia/,Conta_Corrente_Restos_2023.pdf,pipelines/agregar_restos_a_pagar.py,retroativo,2026-05-22,4379afee9df2fd12f925614d6ab3cf8057af893cc31990d148d08b9f27361b4d,mantenedor,retroativo,retroativo: sha256_raw e hash do arquivo publico; raw original nao preservado localmente
restos_agregado_sorocaba_2024.csv,restos,2024,sorocaba,https://sorocaba.sp.gov.br/transparencia/,Conta_Corrente_Restos_2024.pdf,pipelines/agregar_restos_a_pagar.py,retroativo,2026-05-22,4688dedde7fc7538def940ca98be1b08c3220bd14d082d3bd26fd2d1fbd5ec82,mantenedor,retroativo,retroativo: sha256_raw e hash do arquivo publico; raw original nao preservado localmente
restos_agregado_sorocaba_2025.csv,restos,2025,sorocaba,https://sorocaba.sp.gov.br/transparencia/,Conta_Corrente_Restos_2025.pdf,pipelines/agregar_restos_a_pagar.py,retroativo,2026-05-22,baf54ee843ab98e8687b7de1f3adf6620855f395838df085891170de281c455d,mantenedor,retroativo,retroativo: sha256_raw e hash do arquivo publico; raw original nao preservado localmente
despesas_saude_sorocaba_2020.csv,saude,2020,sorocaba,https://sorocaba.sp.gov.br/transparencia/,RAD_saude_2020.pdf,pipelines/extrator_saude.py,retroativo,2026-05-22,c213ca7510408228982791c1d4448a64dfcb5cfb8692aa0f567f4fec620d46c2,mantenedor,retroativo,retroativo: sha256_raw e hash do arquivo publico; raw original nao preservado localmente
despesas_saude_sorocaba_2021.csv,saude,2021,sorocaba,https://sorocaba.sp.gov.br/transparencia/,RAD_saude_2021.pdf,pipelines/extrator_saude.py,retroativo,2026-05-22,2e026f4f2ce482b9e1edf4f4dba7f5ab69b1a6e740d11fe3ccc53eed91654f23,mantenedor,retroativo,retroativo: sha256_raw e hash do arquivo publico; raw original nao preservado localmente
despesas_saude_sorocaba_2022.csv,saude,2022,sorocaba,https://sorocaba.sp.gov.br/transparencia/,RAD_saude_2022.pdf,pipelines/extrator_saude.py,retroativo,2026-05-22,d8dd5c9dca8982c65547148719087ee8cac48c0b37dfca8c1c63a410ddcc2eee,mantenedor,retroativo,retroativo: sha256_raw e hash do arquivo publico; raw original nao preservado localmente
despesas_saude_sorocaba_2023.csv,saude,2023,sorocaba,https://sorocaba.sp.gov.br/transparencia/,RAD_saude_2023.pdf,pipelines/extrator_saude.py,retroativo,2026-05-22,8c9f651419096a20e8100537cf2cdc77dd802874217b0d5dc894ec7c2af93cf9,mantenedor,retroativo,retroativo: sha256_raw e hash do arquivo publico; raw original nao preservado localmente
despesas_saude_sorocaba_2024.csv,saude,2024,sorocaba,https://sorocaba.sp.gov.br/transparencia/,RAD_saude_2024.pdf,pipelines/extrator_saude.py,retroativo,2026-05-22,178da38993d131d370ba042e5d46f8ce6fc023ddd39c2dd28137ee4921e9a661,mantenedor,retroativo,retroativo: sha256_raw e hash do arquivo publico; raw original nao preservado localmente
despesas_saude_sorocaba_2025.csv,saude,2025,sorocaba,https://sorocaba.sp.gov.br/transparencia/,RAD_saude_2025.pdf,pipelines/extrator_saude.py,retroativo,2026-05-22,0d892613f34704bebe04d8896d4f866de262bc1507f2572b0b00feca6333261a,mantenedor,retroativo,retroativo: sha256_raw e hash do arquivo publico; raw original nao preservado localmente
receitas_base_saude_sorocaba_2020.csv,saude,2020,sorocaba,https://sorocaba.sp.gov.br/transparencia/,ASPS_2020.pdf,pipelines/extrator_saude.py,retroativo,2026-05-22,abb2c0eba4e58dd0e145234476a81b85b32a16fdcd64154cbc475be03633ee6d,mantenedor,retroativo,retroativo: sha256_raw e hash do arquivo publico; raw original nao preservado localmente
receitas_base_saude_sorocaba_2021.csv,saude,2021,sorocaba,https://sorocaba.sp.gov.br/transparencia/,ASPS_2021.pdf,pipelines/extrator_saude.py,retroativo,2026-05-22,92fe08d857a020c0390d97038d8b30b4177b674543434174328c9490f30290ac,mantenedor,retroativo,retroativo: sha256_raw e hash do arquivo publico; raw original nao preservado localmente
receitas_base_saude_sorocaba_2022.csv,saude,2022,sorocaba,https://sorocaba.sp.gov.br/transparencia/,ASPS_2022.pdf,pipelines/extrator_saude.py,retroativo,2026-05-22,620d2a22b740087afa2b9053854272d57cc4d588f6d43ea7033a32e921f2f908,mantenedor,retroativo,retroativo: sha256_raw e hash do arquivo publico; raw original nao preservado localmente
receitas_base_saude_sorocaba_2023.csv,saude,2023,sorocaba,https://sorocaba.sp.gov.br/transparencia/,ASPS_2023.pdf,pipelines/extrator_saude.py,retroativo,2026-05-22,929a152b73f36c5a322f0782789a20abec8be923816fa4cbc14453aa75c7aa6a,mantenedor,retroativo,retroativo: sha256_raw e hash do arquivo publico; raw original nao preservado localmente
receitas_base_saude_sorocaba_2024.csv,saude,2024,sorocaba,https://sorocaba.sp.gov.br/transparencia/,ASPS_2024.pdf,pipelines/extrator_saude.py,retroativo,2026-05-22,ecbbee44b4bede2a25013bdc0a68181c2b04b7d3460d0adb345b04eaa91f2ea8,mantenedor,retroativo,retroativo: sha256_raw e hash do arquivo publico; raw original nao preservado localmente
receitas_base_saude_sorocaba_2025.csv,saude,2025,sorocaba,https://sorocaba.sp.gov.br/transparencia/,ASPS_2025.pdf,pipelines/extrator_saude.py,retroativo,2026-05-22,bfbc30e4023299ab15aac75bca34befafbe1743bfd82d05fbaba58967287ea9b,mantenedor,retroativo,retroativo: sha256_raw e hash do arquivo publico; raw original nao preservado localmente
receitas_detalhamento_sorocaba_2020.csv,saude,2020,sorocaba,https://sorocaba.sp.gov.br/transparencia/,ASPS_2020.pdf,pipelines/extrator_saude.py,retroativo,2026-05-22,3030388606e099584a3e42d34a83710b0acc70db777a65ef14c0ed8f6b0a7ad9,mantenedor,retroativo,retroativo: sha256_raw e hash do arquivo publico; raw original nao preservado localmente
receitas_detalhamento_sorocaba_2021.csv,saude,2021,sorocaba,https://sorocaba.sp.gov.br/transparencia/,ASPS_2021.pdf,pipelines/extrator_saude.py,retroativo,2026-05-22,fe5b706926900a1d5d959d19c824adc999a8ceb4ecd38e32081cb928050eca54,mantenedor,retroativo,retroativo: sha256_raw e hash do arquivo publico; raw original nao preservado localmente
receitas_detalhamento_sorocaba_2022.csv,saude,2022,sorocaba,https://sorocaba.sp.gov.br/transparencia/,ASPS_2022.pdf,pipelines/extrator_saude.py,retroativo,2026-05-22,b6f0cd0c8d39661da5b273ea9f442c80534b8956810920926df0d48779f36dc4,mantenedor,retroativo,retroativo: sha256_raw e hash do arquivo publico; raw original nao preservado localmente
receitas_detalhamento_sorocaba_2023.csv,saude,2023,sorocaba,https://sorocaba.sp.gov.br/transparencia/,ASPS_2023.pdf,pipelines/extrator_saude.py,retroativo,2026-05-22,935abc7309a62d683119ccf8b2f797087e276d33fcdd92dc1d8daa122071276a,mantenedor,retroativo,retroativo: sha256_raw e hash do arquivo publico; raw original nao preservado localmente
receitas_detalhamento_sorocaba_2024.csv,saude,2024,sorocaba,https://sorocaba.sp.gov.br/transparencia/,ASPS_2024.pdf,pipelines/extrator_saude.py,retroativo,2026-05-22,fd5df7c737f0b59ba57298d50959885cb7df060c74234fbc2a04ee4fc9b1185c,mantenedor,retroativo,retroativo: sha256_raw e hash do arquivo publico; raw original nao preservado localmente
receitas_detalhamento_sorocaba_2025.csv,saude,2025,sorocaba,https://sorocaba.sp.gov.br/transparencia/,ASPS_2025.pdf,pipelines/extrator_saude.py,retroativo,2026-05-22,3b4d0e5e0b4d490b4615d5206f3565f322595b56cd164f9dba5efe5e8aecf400,mantenedor,retroativo,retroativo: sha256_raw e hash do arquivo publico; raw original nao preservado localmente
rreo_despesas_saude_sorocaba_2020.csv,saude,2020,sorocaba,https://siconfi.tesouro.gov.br/,siconfi_rreo_an2020_bl6.json,pipelines/extrator_rreo_sus.py,retroativo,2026-05-22,012630f34ad67b610c1b899c8663734d45331b465243a2342e8c30fb1627361d,mantenedor,retroativo,retroativo: sha256_raw e hash do arquivo publico; raw original nao preservado localmente
rreo_despesas_saude_sorocaba_2021.csv,saude,2021,sorocaba,https://siconfi.tesouro.gov.br/,siconfi_rreo_an2021_bl6.json,pipelines/extrator_rreo_sus.py,retroativo,2026-05-22,b4f8d79a8a2a387d84a1c921ed5515df55615d1db343227cc5ba84e3cc5e5de3,mantenedor,retroativo,retroativo: sha256_raw e hash do arquivo publico; raw original nao preservado localmente
rreo_despesas_saude_sorocaba_2022.csv,saude,2022,sorocaba,https://siconfi.tesouro.gov.br/,siconfi_rreo_an2022_bl6.json,pipelines/extrator_rreo_sus.py,retroativo,2026-05-22,3a2f88fddecf45043af4b18d8fbbe8cd2546838cdbb874c27db2bcbac36a219e,mantenedor,retroativo,retroativo: sha256_raw e hash do arquivo publico; raw original nao preservado localmente
rreo_despesas_saude_sorocaba_2023.csv,saude,2023,sorocaba,https://siconfi.tesouro.gov.br/,siconfi_rreo_an2023_bl6.json,pipelines/extrator_rreo_sus.py,retroativo,2026-05-22,13816fe79325d5f1a4bd56008f85096472dd68fbc2a6bf51cb7b73af695e30f9,mantenedor,retroativo,retroativo: sha256_raw e hash do arquivo publico; raw original nao preservado localmente
rreo_despesas_saude_sorocaba_2024.csv,saude,2024,sorocaba,https://siconfi.tesouro.gov.br/,siconfi_rreo_an2024_bl6.json,pipelines/extrator_rreo_sus.py,retroativo,2026-05-22,7a87debc80da6119dbafdf57035824895dc8e8d195dead42d1490fa8f236c658,mantenedor,retroativo,retroativo: sha256_raw e hash do arquivo publico; raw original nao preservado localmente
rreo_despesas_saude_sorocaba_2025.csv,saude,2025,sorocaba,https://siconfi.tesouro.gov.br/,siconfi_rreo_an2025_bl6.json,pipelines/extrator_rreo_sus.py,retroativo,2026-05-22,7b2d44744a2842a94c1c81d2f9b3c559d65cedf4bdba2607a9c4032f661accb0,mantenedor,retroativo,retroativo: sha256_raw e hash do arquivo publico; raw original nao preservado localmente
rreo_receitas_sus_sorocaba_2020.csv,saude,2020,sorocaba,https://siconfi.tesouro.gov.br/,siconfi_rreo_sus_an2020_bl6.json,pipelines/extrator_rreo_sus.py,retroativo,2026-05-22,f310f1ed9385552f8baf00d72be0c3f4779c0da60f4e35edbc0b105633c398b4,mantenedor,retroativo,retroativo: sha256_raw e hash do arquivo publico; raw original nao preservado localmente
rreo_receitas_sus_sorocaba_2021.csv,saude,2021,sorocaba,https://siconfi.tesouro.gov.br/,siconfi_rreo_sus_an2021_bl6.json,pipelines/extrator_rreo_sus.py,retroativo,2026-05-22,47866f288303bcf9b2d780526913b67964334111db9110d96d7fbbf7a9db3dca,mantenedor,retroativo,retroativo: sha256_raw e hash do arquivo publico; raw original nao preservado localmente
rreo_receitas_sus_sorocaba_2022.csv,saude,2022,sorocaba,https://siconfi.tesouro.gov.br/,siconfi_rreo_sus_an2022_bl6.json,pipelines/extrator_rreo_sus.py,retroativo,2026-05-22,c149131a2ff5256da7c7af699e6fc9e9478c406905569282582ecb8fe82b7384,mantenedor,retroativo,retroativo: sha256_raw e hash do arquivo publico; raw original nao preservado localmente
rreo_receitas_sus_sorocaba_2023.csv,saude,2023,sorocaba,https://siconfi.tesouro.gov.br/,siconfi_rreo_sus_an2023_bl6.json,pipelines/extrator_rreo_sus.py,retroativo,2026-05-22,3084e94c418ecb9e38702f335256398ad5660bf19bd7d65a1bf33027b6089ede,mantenedor,retroativo,retroativo: sha256_raw e hash do arquivo publico; raw original nao preservado localmente
rreo_receitas_sus_sorocaba_2024.csv,saude,2024,sorocaba,https://siconfi.tesouro.gov.br/,siconfi_rreo_sus_an2024_bl6.json,pipelines/extrator_rreo_sus.py,retroativo,2026-05-22,b521ca86981f48d28fab0e2d19dcc007e9fc9caf94bcd4d3ac837d4a6fb06927,mantenedor,retroativo,retroativo: sha256_raw e hash do arquivo publico; raw original nao preservado localmente
rreo_receitas_sus_sorocaba_2025.csv,saude,2025,sorocaba,https://siconfi.tesouro.gov.br/,siconfi_rreo_sus_an2025_bl6.json,pipelines/extrator_rreo_sus.py,retroativo,2026-05-22,d4c8d4c45aab91c0b17bd3a2de97c9191754a204008af2746ef962af6ebee934,mantenedor,retroativo,retroativo: sha256_raw e hash do arquivo publico; raw original nao preservado localmente
despesas_seguranca_sorocaba_2020.csv,seguranca,2020,sorocaba,https://siconfi.tesouro.gov.br/,siconfi_dca_an2020.json,pipelines/extrator_seguranca.py,retroativo,2026-05-22,85479fb2d4ce88e7867b5d0fc5d1730df6c318538031dbf6410cee0d10c9b57e,mantenedor,retroativo,retroativo: sha256_raw e hash do arquivo publico; raw original nao preservado localmente
despesas_seguranca_sorocaba_2021.csv,seguranca,2021,sorocaba,https://siconfi.tesouro.gov.br/,siconfi_dca_an2021.json,pipelines/extrator_seguranca.py,retroativo,2026-05-22,b7972544a2fd3183f264dee7a562511c255d27ce731efba01ade4ea675a2800e,mantenedor,retroativo,retroativo: sha256_raw e hash do arquivo publico; raw original nao preservado localmente
despesas_seguranca_sorocaba_2022.csv,seguranca,2022,sorocaba,https://siconfi.tesouro.gov.br/,siconfi_dca_an2022.json,pipelines/extrator_seguranca.py,retroativo,2026-05-22,80c734a980a312493362936c4364aa4c55439d88947bf47003ae2f667bcf31b2,mantenedor,retroativo,retroativo: sha256_raw e hash do arquivo publico; raw original nao preservado localmente
despesas_seguranca_sorocaba_2023.csv,seguranca,2023,sorocaba,https://siconfi.tesouro.gov.br/,siconfi_dca_an2023.json,pipelines/extrator_seguranca.py,retroativo,2026-05-22,bcd187e78d3d65c0e0ced1a0373e5f3573c00fee708fb8007e457529de84533b,mantenedor,retroativo,retroativo: sha256_raw e hash do arquivo publico; raw original nao preservado localmente
despesas_seguranca_sorocaba_2024.csv,seguranca,2024,sorocaba,https://siconfi.tesouro.gov.br/,siconfi_dca_an2024.json,pipelines/extrator_seguranca.py,retroativo,2026-05-22,07ac86a33c7ec3eb7c99495d9d777e2f46ec3207893cbbb674b0979497d93958,mantenedor,retroativo,retroativo: sha256_raw e hash do arquivo publico; raw original nao preservado localmente
despesas_seguranca_sorocaba_2025.csv,seguranca,2025,sorocaba,https://siconfi.tesouro.gov.br/,siconfi_dca_an2025.json,pipelines/extrator_seguranca.py,retroativo,2026-05-22,bc896d2dcadbf138325303ab8bc4987f039599c7f107da2439c0505c5f054237,mantenedor,retroativo,retroativo: sha256_raw e hash do arquivo publico; raw original nao preservado localmente
rreo_seguranca_sorocaba_2020.csv,seguranca,2020,sorocaba,https://siconfi.tesouro.gov.br/,siconfi_rreo_an2020_bl6.json,pipelines/extrator_rreo.py,retroativo,2026-05-22,73ce7853f6df057e329edc9df1e850d094af16b754d9139b3ed1beae32ff628a,mantenedor,retroativo,retroativo: sha256_raw e hash do arquivo publico; raw original nao preservado localmente
rreo_seguranca_sorocaba_2021.csv,seguranca,2021,sorocaba,https://siconfi.tesouro.gov.br/,siconfi_rreo_an2021_bl6.json,pipelines/extrator_rreo.py,retroativo,2026-05-22,029a2898ab195a51ab5c8d33c3155fcba5c0e9f0bf89597fd3705cf5031833dc,mantenedor,retroativo,retroativo: sha256_raw e hash do arquivo publico; raw original nao preservado localmente
rreo_seguranca_sorocaba_2022.csv,seguranca,2022,sorocaba,https://siconfi.tesouro.gov.br/,siconfi_rreo_an2022_bl6.json,pipelines/extrator_rreo.py,retroativo,2026-05-22,3f615bfd590bbb35eaadf278bea9e1f53e5ff5cacdaa0a62880404bc54426215,mantenedor,retroativo,retroativo: sha256_raw e hash do arquivo publico; raw original nao preservado localmente
rreo_seguranca_sorocaba_2023.csv,seguranca,2023,sorocaba,https://siconfi.tesouro.gov.br/,siconfi_rreo_an2023_bl6.json,pipelines/extrator_rreo.py,retroativo,2026-05-22,9270d27348711a5661ad8193ad0bd06f0ee94110bd6069c35d296b5970feaac7,mantenedor,retroativo,retroativo: sha256_raw e hash do arquivo publico; raw original nao preservado localmente
rreo_seguranca_sorocaba_2024.csv,seguranca,2024,sorocaba,https://siconfi.tesouro.gov.br/,siconfi_rreo_an2024_bl6.json,pipelines/extrator_rreo.py,retroativo,2026-05-22,919bf91a407b8374af7d2bc36a07468ccdf47264cecacfbca29658c66d18dcb5,mantenedor,retroativo,retroativo: sha256_raw e hash do arquivo publico; raw original nao preservado localmente
rreo_seguranca_sorocaba_2025.csv,seguranca,2025,sorocaba,https://siconfi.tesouro.gov.br/,siconfi_rreo_an2025_bl6.json,pipelines/extrator_rreo.py,retroativo,2026-05-22,236746502b8c2088589552c256c50feed37bb92306d7da844d1f2d64d4088f5f,mantenedor,retroativo,retroativo: sha256_raw e hash do arquivo publico; raw original nao preservado localmente
convenios_federais_sorocaba.csv,transferencias,multi,sorocaba,https://portaldatransparencia.gov.br/transferencias,transferegov_api_convenios.json,pipelines/baixar_transferegov_sorocaba.py,retroativo,2026-05-22,5914d31b0c3a26553705cd709aeaee6e56da22938ac207e8e7b31f42c43f9011,mantenedor,retroativo,retroativo: sha256_raw e hash do arquivo publico; raw original nao preservado localmente
convenios_por_orgao_sorocaba.csv,transferencias,multi,sorocaba,https://portaldatransparencia.gov.br/transferencias,transferegov_api_convenios.json,pipelines/baixar_transferegov_sorocaba.py,retroativo,2026-05-22,9933c38c437292de388a18a6c7e4d0c83e22554d0a91f4210fd4feebd5c5c641,mantenedor,retroativo,retroativo: sha256_raw e hash do arquivo publico; raw original nao preservado localmente
subvencoes_osc_sorocaba.csv,transferencias,multi,sorocaba,https://sorocaba.sp.gov.br/transparencia/,funserv_subvencoes_multi.pdf,pipelines/baixar_funserv.py,retroativo,2026-05-22,5933055bab35cd3cec81f4f71a7658eaf2d295d9199237fa9749cca19a224482,mantenedor,retroativo,retroativo: sha256_raw e hash do arquivo publico; raw original nao preservado localmente
subvencoes_por_entidade_sorocaba.csv,transferencias,multi,sorocaba,https://sorocaba.sp.gov.br/transparencia/,funserv_subvencoes_multi.pdf,pipelines/baixar_funserv.py,retroativo,2026-05-22,941e2020d9d26634f96bffd52b622b9671902bf152310eaebd8da34607de52d5,mantenedor,retroativo,retroativo: sha256_raw e hash do arquivo publico; raw original nao preservado localmente
transferencias_estaduais_resumo_sorocaba.csv,transferencias,multi,sorocaba,https://siconfi.tesouro.gov.br/,siconfi_rreo_anmulti_bl6.json,pipelines/baixar_transferencias_estaduais_sp.py,retroativo,2026-05-22,9f7a5819e1164be7604313d1af852d39513c93f3245d8562fda3a25571f779cb,mantenedor,retroativo,retroativo: sha256_raw e hash do arquivo publico; raw original nao preservado localmente
transferencias_estaduais_sp_sorocaba.csv,transferencias,multi,sorocaba,https://siconfi.tesouro.gov.br/,siconfi_rreo_anmulti_bl6.json,pipelines/baixar_transferencias_estaduais_sp.py,retroativo,2026-05-22,108bbec3d2e7c8cbe2872b404af0977147ae3575a730b4551c15107cef6e7975,mantenedor,retroativo,retroativo: sha256_raw e hash do arquivo publico; raw original nao preservado localmente
dca_transporte_sorocaba_2020.csv,transporte,2020,sorocaba,https://siconfi.tesouro.gov.br/,siconfi_dca_an2020.json,pipelines/extrator_dca_transporte.py,retroativo,2026-05-22,544a881353d202414353676a553ce44296d644ea117debec3b7f366adfd3016a,mantenedor,retroativo,retroativo: sha256_raw e hash do arquivo publico; raw original nao preservado localmente
dca_transporte_sorocaba_2021.csv,transporte,2021,sorocaba,https://siconfi.tesouro.gov.br/,siconfi_dca_an2021.json,pipelines/extrator_dca_transporte.py,retroativo,2026-05-22,f81150772ef7854760ff89e4fcc48313df85809d8cf30fd436bddfa03efea66c,mantenedor,retroativo,retroativo: sha256_raw e hash do arquivo publico; raw original nao preservado localmente
dca_transporte_sorocaba_2022.csv,transporte,2022,sorocaba,https://siconfi.tesouro.gov.br/,siconfi_dca_an2022.json,pipelines/extrator_dca_transporte.py,retroativo,2026-05-22,26e05de459831b4d1ce3961764bcd580b153d4c2822fcea6a13ec06835818eb5,mantenedor,retroativo,retroativo: sha256_raw e hash do arquivo publico; raw original nao preservado localmente
dca_transporte_sorocaba_2023.csv,transporte,2023,sorocaba,https://siconfi.tesouro.gov.br/,siconfi_dca_an2023.json,pipelines/extrator_dca_transporte.py,retroativo,2026-05-22,f6c9c0d2475cddf0bd00b67344c52162aa9fd061bc0bd1634e0845a74b8be2b4,mantenedor,retroativo,retroativo: sha256_raw e hash do arquivo publico; raw original nao preservado localmente
dca_transporte_sorocaba_2024.csv,transporte,2024,sorocaba,https://siconfi.tesouro.gov.br/,siconfi_dca_an2024.json,pipelines/extrator_dca_transporte.py,retroativo,2026-05-22,144b92e18412a6d4f4d53d934b6b7c32e8aab5bdf2249c81cb7625babd64ecc1,mantenedor,retroativo,retroativo: sha256_raw e hash do arquivo publico; raw original nao preservado localmente
dca_transporte_sorocaba_2025.csv,transporte,2025,sorocaba,https://siconfi.tesouro.gov.br/,siconfi_dca_an2025.json,pipelines/extrator_dca_transporte.py,retroativo,2026-05-22,931a75f877b750912ef5243f6b2dde4b4fdca350e54fe343cf596f977674e686,mantenedor,retroativo,retroativo: sha256_raw e hash do arquivo publico; raw original nao preservado localmente
rreo_transporte_sorocaba_2020.csv,transporte,2020,sorocaba,https://siconfi.tesouro.gov.br/,siconfi_rreo_an2020_bl6.json,pipelines/extrator_rreo_transporte.py,retroativo,2026-05-22,3049807ca4f2d64033986011a1c7aa0542e4a473c31ea85476010e8a51d33b79,mantenedor,retroativo,retroativo: sha256_raw e hash do arquivo publico; raw original nao preservado localmente
rreo_transporte_sorocaba_2021.csv,transporte,2021,sorocaba,https://siconfi.tesouro.gov.br/,siconfi_rreo_an2021_bl6.json,pipelines/extrator_rreo_transporte.py,retroativo,2026-05-22,0a44df7027641d7b259ed8bfd6dbe3e89ed20e025b5b51a8bacf3e59cafb96d5,mantenedor,retroativo,retroativo: sha256_raw e hash do arquivo publico; raw original nao preservado localmente
rreo_transporte_sorocaba_2022.csv,transporte,2022,sorocaba,https://siconfi.tesouro.gov.br/,siconfi_rreo_an2022_bl6.json,pipelines/extrator_rreo_transporte.py,retroativo,2026-05-22,97fab49a753b355bdf8ed587f11fdb1383b27199332a2962d5c667153490805e,mantenedor,retroativo,retroativo: sha256_raw e hash do arquivo publico; raw original nao preservado localmente
rreo_transporte_sorocaba_2023.csv,transporte,2023,sorocaba,https://siconfi.tesouro.gov.br/,siconfi_rreo_an2023_bl6.json,pipelines/extrator_rreo_transporte.py,retroativo,2026-05-22,edceed7014e266f508c1d2e104867fe3be6fcb1e9eaabcc57fb18a4a00f251b1,mantenedor,retroativo,retroativo: sha256_raw e hash do arquivo publico; raw original nao preservado localmente
rreo_transporte_sorocaba_2024.csv,transporte,2024,sorocaba,https://siconfi.tesouro.gov.br/,siconfi_rreo_an2024_bl6.json,pipelines/extrator_rreo_transporte.py,retroativo,2026-05-22,bb29f325cfbed493bbce4936f6a2b817e85b079c73e068e8eb2dd6e5d61ed95d,mantenedor,retroativo,retroativo: sha256_raw e hash do arquivo publico; raw original nao preservado localmente
rreo_transporte_sorocaba_2025.csv,transporte,2025,sorocaba,https://siconfi.tesouro.gov.br/,siconfi_rreo_an2025_bl6.json,pipelines/extrator_rreo_transporte.py,retroativo,2026-05-22,496f246486d69d898335e3036f5b7950ac44ae8979ffa3f3f74720feb2a3e951,mantenedor,retroativo,retroativo: sha256_raw e hash do arquivo publico; raw original nao preservado localmente
empresas_municipais_tce_2020_2025.csv,autarquias,multi,sorocaba,https://transparencia.tce.sp.gov.br/,tce_api_empresas_municipais_2020_2025.json,pipelines/gerar_empresas_municipais_tce.py,retroativo,2026-05-27,5cf65b04063dd7bc0a391cc69d6d048d5e447a552230c7534951eb38269fa931,mantenedor,retroativo,retroativo: sha256_raw e hash do arquivo publico; raw original nao preservado localmente
funserv_saude_tce_2020_2025.csv,autarquias,multi,sorocaba,https://transparencia.tce.sp.gov.br/,tce_api_funserv_saude_2020_2025.json,pipelines/gerar_funserv_saude_tce.py,retroativo,2026-05-27,d189a480eaba635229125cda7ceab4df7d66c80be5c59fe018213043e0049de9,mantenedor,retroativo,retroativo: sha256_raw e hash do arquivo publico; raw original nao preservado localmente
saae_despesas_tce_2020_2025.csv,autarquias,multi,sorocaba,https://transparencia.tce.sp.gov.br/,tce_api_saae_despesas_2020_2025.json,pipelines/gerar_saae_despesas_tce.py,retroativo,2026-05-27,660c8aaf5a1a4b72b51c8f15a2df6c9003e66d8b04a500b2b8e2fdd2ebd38b8f,mantenedor,retroativo,retroativo: sha256_raw e hash do arquivo publico; raw original nao preservado localmente
saae_receitas_tce_2020_2025.csv,autarquias,multi,sorocaba,https://transparencia.tce.sp.gov.br/,tce_api_saae_receitas_2020_2025.json,pipelines/gerar_saae_receitas_tce.py,retroativo,2026-05-27,423cb2a58a8fa5ae29dc9da28fc7df594f6a321a0dece95e6e52f10a8637846c,mantenedor,retroativo,retroativo: sha256_raw e hash do arquivo publico; raw original nao preservado localmente
camara_despesas_tce_2020_2025.csv,camara,multi,sorocaba,https://transparencia.tce.sp.gov.br/,tce_api_camara_despesas_2020_2025.json,pipelines/gerar_camara_despesas_tce.py,retroativo,2026-05-27,d53894e1013b631bab7aa638d1a994dc770480ce45bcaae8cbcef844f7e84b2a,mantenedor,retroativo,retroativo: sha256_raw e hash do arquivo publico; raw original nao preservado localmente
instrumentos_consolidado_sorocaba.csv,transferencias,multi,sorocaba,https://portaldatransparencia.gov.br/transferencias,transferegov_api_instrumentos.json,pipelines/baixar_transferegov_sorocaba.py,retroativo,2026-05-27,f00271f7d1352ef07b92cb7a2d2f9c9ed8e1a57ff3ba1e779f978e2a1a4c8aec,mantenedor,retroativo,retroativo: sha256_raw e hash do arquivo publico; raw original nao preservado localmente
transferencias_federais_portal_sorocaba.csv,transferencias,multi,sorocaba,https://portaldatransparencia.gov.br/transferencias,portal_transparencia_transferencias_sorocaba.json,pipelines/gerar_transferencias_federais.py,retroativo,2026-05-27,99cee56d1e8cd5ccd0855b6c5d4c6babb9620c220a89eb35ac61decc2980a99b,mantenedor,retroativo,retroativo: sha256_raw e hash do arquivo publico; raw original nao preservado localmente
urbes_despesas_lei8890_2020_2026.csv,transporte,multi,sorocaba,https://www.urbes.com.br/transparencia/index,urbes_despesas_lei8890_2020_2026.pdf,pipelines/baixar_urbes_transparencia.py,retroativo,2026-05-27,b7e15ec3b9fb34bcce86e6a8d470a4420cc3f4f247e9a2787fcbde732204fb28,mantenedor,retroativo,retroativo: sha256_raw e hash do arquivo publico; raw original nao preservado localmente
saae_pessoal_cargos_amostra_sorocaba_2026.csv,autarquias/saae/pessoal,2026,sorocaba,https://transparencia.saaesorocaba.sp.gov.br/,data/extracted/sorocaba/saae/tdaportal/20260529_091316/pessoal/tabela_32.csv,pipelines/normalizar_saae_camara_publicacao.py,Codex,2026-05-29,b198c84ef3d94752ee512ce4d5bf72730e710760503ff8919ed4d21f837d5654,Maestro usuario,validated,Publicacao autorizada pelo usuario em 2026-05-29; amostra portal 100 de 139 linhas; sem nomes ou matriculas.; caminhos locais sanitizados em data/public
saae_folha_totais_sorocaba_2026.csv,autarquias/saae/pessoal,2026,sorocaba,https://transparencia.saaesorocaba.sp.gov.br/,data/extracted/sorocaba/saae/tdaportal/20260529_091316/pessoal/tabela_45.csv,pipelines/normalizar_saae_camara_publicacao.py,Codex,2026-05-29,49d558c33d04616fed92517e68f04ecbc0ae6818cadc9166e48380f1e4122895,Maestro usuario,validated,Publicacao autorizada pelo usuario em 2026-05-29; totais agregados por tipo de folha; sem nomes ou matriculas.; caminhos locais sanitizados em data/public
camara_documentos_orcamentarios_sorocaba_2017_2027.csv,camara/documentos_orcamentarios,multi,sorocaba,https://www.camarasorocaba.sp.gov.br/arquivos_publicos.html,"data/extracted/sorocaba/camara/{ldo,lrf,metas,ppa,prestacao}/camara_*_sorocaba.csv",pipelines/normalizar_saae_camara_publicacao.py,Codex,2026-05-29,838dee090101fa7b63983de637bf14eedd26f7924617f10d1acde730f031074a,Maestro,validated,Consolidado atualizado apos OCR Claude/Codex QA; rows=21; caminhos locais sanitizados; hash refere-se ao arquivo publicado. Limitacao: registros LDO/metas da Camara sao atas de audiencias publicas ou documentos legislativos relacionados; a LDO e as metas oficiais completas pertencem ao Executivo/Prefeitura.
rgf_pessoal_sorocaba_2020_2025.csv,fiscal,multi,sorocaba,https://siconfi.tesouro.gov.br/,siconfi_rgf_an{ano}_qd3.json,pipelines/extrator_rgf_pessoal.py,Codex,2026-05-29,2243b6e8325c1fb6729e46ef35e8a809b26c1c26f185debb52333b1be6676c58,Maestro/Claude publicacao detectada,validated,Arquivo serie 2020-2025 detectado em data/public em 2026-05-29; 6 registros; manifestado para restaurar gate de publicacao.
rgf_divida_sorocaba_2020_2025.csv,fiscal,multi,sorocaba,https://siconfi.tesouro.gov.br/,siconfi_rgf_an{ano}_qd3.json,pipelines/extrator_rgf_divida.py,Codex,2026-05-29,ff206675da339d9397a17e227465b5e8532f8e6a0d7554334354f9bc36c60752,Maestro/Claude publicacao detectada,validated,Arquivo serie 2020-2025 detectado em data/public em 2026-05-29; 6 registros; manifestado para restaurar gate de publicacao.
rgf_divida_detalhada_sorocaba_2020_2025.csv,fiscal,multi,sorocaba,https://siconfi.tesouro.gov.br/,siconfi_rgf_an{ano}_qd3.json,pipelines/extrator_rgf_divida.py; pipelines/extrator_divida_detalhada.py,Codex,2026-05-29,24073c2e44d3c7b4d284c0d46780fce0ff2b54f41721dfc2454a431e0cb89ce1,Maestro/Claude publicacao detectada,validated,Arquivo serie 2020-2025 detectado em data/public em 2026-05-29; 6 registros; manifestado para restaurar gate de publicacao.
rgf_rcl_sorocaba_2020_2025.csv,fiscal,multi,sorocaba,https://siconfi.tesouro.gov.br/,siconfi_rreo_an{ano}_bl6.json,pipelines/extrator_rcl.py,Codex,2026-05-29,a7e939426c59eef128575b05b8b618a4c95ad6c28bc78f7aef6820efdc544a0f,Maestro/Claude publicacao detectada,validated,Arquivo serie 2020-2025 detectado em data/public em 2026-05-29; 6 registros; manifestado para restaurar gate de publicacao.
rgf_rcl_capital_sorocaba_2020_2025.csv,fiscal,multi,sorocaba,https://siconfi.tesouro.gov.br/,siconfi_rreo_an{ano}_bl6.json,pipelines/extrator_rcl.py,Codex,2026-05-29,e406be029e1feae8c5db79541b2e4566da63dc19d2261a7022dbbfa5cacb77c0,Maestro/Claude publicacao detectada,validated,Arquivo serie 2020-2025 detectado em data/public em 2026-05-29; 6 registros; manifestado para restaurar gate de publicacao.
dca_demonstrativo_variacao_sorocaba_2020_2025.csv,fiscal,multi,sorocaba,https://siconfi.tesouro.gov.br/,data/extracted/sorocaba/fiscal/saida/dca_demonstrativo_variacao_sorocaba_2020_2025.csv,pipeline externo/Claude + QA Codex,Codex,2026-05-29,bb24eef386c3a234ef310f424d93dd5cdf591dd83d5e423e4bd696fc9a296b54,Maestro,validated,Promovido de extracted para public em 2026-05-29 apos QA estrutural; rows=1572; hash refere-se ao arquivo publicado.
rreo_metas_fiscais_sorocaba_2020_2025.csv,fiscal,multi,sorocaba,https://siconfi.tesouro.gov.br/,data/extracted/sorocaba/fiscal/saida/rreo_metas_fiscais_sorocaba_2020_2025.csv,pipeline externo/Claude + QA Codex,Codex,2026-05-29,05ba145830331f2dacc3e4f7f8910aaf49049c26397cb32c82b79e7a0dd849a1,Maestro,validated,Promovido de extracted para public em 2026-05-29 apos QA estrutural; rows=791; hash refere-se ao arquivo publicado.
rreo_pessoal_siconfi_sorocaba_2020_2025.csv,fiscal,multi,sorocaba,https://siconfi.tesouro.gov.br/,data/extracted/sorocaba/fiscal/saida/rreo_pessoal_siconfi_sorocaba_2020_2025.csv,pipeline externo/Claude + QA Codex,Codex,2026-05-29,37453dc4ec6a475cb4f97814a9c6af6d217a61d1bcd7633acecc7eaad3077b4a,Maestro,validated,Promovido de extracted para public em 2026-05-29 apos QA estrutural; rows=1036; hash refere-se ao arquivo publicado.
rreo_receita_orcamentaria_sorocaba_2020_2025.csv,fiscal,multi,sorocaba,https://siconfi.tesouro.gov.br/,data/extracted/sorocaba/fiscal/saida/rreo_receita_orcamentaria_sorocaba_2020_2025.csv,pipeline externo/Claude + QA Codex,Codex,2026-05-29,2b5758576c15ce1060c768afb221d581ce9fe39f3aa8763f3bfa4bbaf44a6d2d,Maestro,validated,Promovido de extracted para public em 2026-05-29 apos QA estrutural; rows=2791; hash refere-se ao arquivo publicado.
rreo_receitas_previdenciarias_sorocaba_2020_2025.csv,fiscal,multi,sorocaba,https://siconfi.tesouro.gov.br/,data/extracted/sorocaba/fiscal/saida/rreo_receitas_previdenciarias_sorocaba_2020_2025.csv,pipeline externo/Claude + QA Codex,Codex,2026-05-29,6ccb1006759fe345278e393312ccdbf311a7aae5e869ecd5653a9386e3613d0f,Maestro,validated,Promovido de extracted para public em 2026-05-29 apos QA estrutural; rows=2533; hash refere-se ao arquivo publicado.
rreo_restos_siconfi_sorocaba_2020_2025.csv,fiscal,multi,sorocaba,https://siconfi.tesouro.gov.br/,data/extracted/sorocaba/fiscal/saida/rreo_restos_siconfi_sorocaba_2020_2025.csv,pipeline externo/Claude + QA Codex,Codex,2026-05-29,34f870a44d24b744e996ae51abe4f7fd1df4ccf5ef65061219e60b9935520730,Maestro,validated,Promovido de extracted para public em 2026-05-29 apos QA estrutural; rows=400; hash refere-se ao arquivo publicado.
rreo_saude_siconfi_sorocaba_2020_2025.csv,fiscal,multi,sorocaba,https://siconfi.tesouro.gov.br/,data/extracted/sorocaba/fiscal/saida/rreo_saude_siconfi_sorocaba_2020_2025.csv,pipeline externo/Claude + QA Codex,Codex,2026-05-29,97198db6ecc5735d48c00f1d3a3fdec1fc67b927bbb61ba166278ce2bab44bfe,Maestro,validated,Promovido de extracted para public em 2026-05-29 apos QA estrutural; rows=6778; hash refere-se ao arquivo publicado.
alertas_tce_sorocaba.csv,controle_externo/tce,multi,sorocaba,https://www.tce.sp.gov.br/,data/extracted/sorocaba/tce/alertas/alertas_sorocaba.csv,pipelines/baixar_sorocaba_prefeitura.py,Codex,2026-05-29,a88d08ffae967c259282e177c0f4db4c42e695f8ef0b4ee0b80528bc481588f5,Maestro,validated,Promovido de extracted para public em 2026-05-29 apos QA estrutural; rows=7; hash refere-se ao arquivo publicado.
inventario_pdfs_contas_anuais_tce_sorocaba.csv,controle_externo/tce,multi,sorocaba,https://www.tce.sp.gov.br/,data/extracted/sorocaba/tce/contas_anuais/inventario_pdfs_contas_anuais.csv,pipelines/baixar_sorocaba_prefeitura.py,Codex,2026-05-29,fb6b231195c0b909562b30242821601e722146bb517af6e67c1448c999ebc356,Maestro,validated,Promovido de extracted para public em 2026-05-29 apos QA estrutural; rows=318; hash refere-se ao arquivo publicado.
inventario_fontes_tce_sorocaba.csv,controle_externo/tce,multi,sorocaba,https://www.tce.sp.gov.br/,data/extracted/sorocaba/tce/inventario_fontes_tce_sorocaba.csv,pipelines/baixar_sorocaba_prefeitura.py,Codex,2026-05-29,aa34333084168c12693420d19f8a57978046782498e25e2ea23e4eaf7264c8b3,Maestro,validated,Promovido de extracted para public em 2026-05-29 apos QA estrutural; rows=15; hash refere-se ao arquivo publicado.
links_relevantes_tce_sorocaba.csv,controle_externo/tce,multi,sorocaba,https://www.tce.sp.gov.br/,data/extracted/sorocaba/tce/links_relevantes_tce_sorocaba.csv,pipelines/baixar_sorocaba_prefeitura.py,Codex,2026-05-29,277498ef77f0619cb3291e0257843ae30204f7c38e7d8089521878a0b92148c1,Maestro,validated,Promovido de extracted para public em 2026-05-29 apos QA estrutural; rows=660; hash refere-se ao arquivo publicado.
amostras_api_transparencia_tce_sorocaba.csv,controle_externo/tce,multi,sorocaba,https://www.tce.sp.gov.br/,data/extracted/sorocaba/tce/transparencia/amostras_api_transparencia.csv,pipelines/baixar_sorocaba_prefeitura.py,Codex,2026-05-29,0f2604309fca2b9aa850941a8e1ca60be1e1115708265ce641eb91b7bd21b229,Maestro,validated,Promovido de extracted para public em 2026-05-29 apos QA estrutural; rows=12; hash refere-se ao arquivo publicado.
inventario_urbes_transparencia_sorocaba.csv,transporte/urbes,multi,sorocaba,https://www.urbes.com.br/transparencia/index,data/extracted/sorocaba/urbes/inventario_urbes_transparencia.csv,pipeline externo/Claude + QA Codex,Codex,2026-05-29,ea68a1f199f86ddf7cb3989f8fea6b1a575c52f59c2691d3c63cade521358ce8,Maestro,validated,Promovido de extracted para public em 2026-05-29 apos QA estrutural; rows=171; hash refere-se ao arquivo publicado sanitizado sem texto bruto OCR/local paths.
resumo_urbes_transparencia_sorocaba.csv,transporte/urbes,multi,sorocaba,https://www.urbes.com.br/transparencia/index,data/extracted/sorocaba/urbes/resumo_urbes_transparencia.csv,pipeline externo/Claude + QA Codex,Codex,2026-05-29,9b04846c077725133c9327e0c53874736df1429c68374e73d61bd3f6b8444ad7,Maestro,validated,Promovido de extracted para public em 2026-05-29 apos QA estrutural; rows=3; hash refere-se ao arquivo publicado sanitizado sem texto bruto OCR/local paths.
urbes_contratos_outros_ocr_indice_sorocaba.csv,transporte/urbes,multi,sorocaba,https://www.urbes.com.br/transparencia/index,data/extracted/sorocaba/urbes/contratos_contratos_outros_ocr.csv,pipelines/extrair_urbes_contratos_pdf_ocr.py,Codex,2026-05-29,2907125947d625cb5c47aae1dc39e4df306b8553633ab4b687af0110db7f97a2,Maestro,validated,Promovido de extracted para public em 2026-05-29 apos QA estrutural; rows=47; hash refere-se ao arquivo publicado sanitizado sem texto bruto OCR/local paths.
urbes_contratos_receitas_ocr_indice_sorocaba.csv,transporte/urbes,multi,sorocaba,https://www.urbes.com.br/transparencia/index,data/extracted/sorocaba/urbes/contratos_contratos_receitas_ocr.csv,pipelines/extrair_urbes_contratos_pdf_ocr.py,Codex,2026-05-29,a96cc653b44f49f02cce40ac7aefc15db36897d57b3d10d363958c10060cc8b1,Maestro,validated,Promovido de extracted para public em 2026-05-29 apos QA estrutural; rows=91; hash refere-se ao arquivo publicado sanitizado sem texto bruto OCR/local paths.
urbes_contratos_transporte_ocr_indice_sorocaba.csv,transporte/urbes,multi,sorocaba,https://www.urbes.com.br/transparencia/index,data/extracted/sorocaba/urbes/contratos_contratos_transporte_ocr.csv,pipelines/extrair_urbes_contratos_pdf_ocr.py,Codex,2026-05-29,90be1c51dab60e6dcbe1655237ef599a6d5bbd394f1017bd08c590b8304f1202,Maestro,validated,Promovido de extracted para public em 2026-05-29 apos QA estrutural; rows=39; hash refere-se ao arquivo publicado sanitizado sem texto bruto OCR/local paths.
funserv_atuarial_sorocaba_2015_2025.csv,autarquias/funserv,multi,sorocaba,https://www.funservsorocaba.sp.gov.br/,data/extracted/sorocaba/funserv/funserv_atuarial_sorocaba_2015_2025.csv,pipeline externo/Claude + QA Codex,Codex+Claude QA,2026-05-29,b08cc8a8bf151d2a2602d3a9836131e6296ae4d9774e5583f9f99de1639cf6b0,Maestro,validated,Indice de documentos PDF (texto_bruto removido em 29/05 por Claude/QA; texto completo em data/extracted). Nao e serie financeira estruturada.
funserv_governanca_sorocaba_2019_2026.csv,autarquias/funserv,multi,sorocaba,https://www.funservsorocaba.sp.gov.br/,data/extracted/sorocaba/funserv/funserv_governanca_sorocaba_2019_2026.csv,pipeline externo/Claude + QA Codex,Codex+Claude QA,2026-05-29,8f99d18bc89465c842614b0835398e88b378be9e66aa8c2f3f1036f5680f813e,Maestro,validated,Indice de documentos PDF (texto_bruto removido em 29/05 por Claude/QA; texto completo em data/extracted). Nao e serie financeira estruturada.
funserv_balanco_previdenciario_ate_2018.csv,autarquias/funserv,multi,sorocaba,https://www.funservsorocaba.sp.gov.br/,data/extracted/sorocaba/funserv/funserv_balanco_previdenciario_ate_2018.csv,pipeline externo/Claude + QA Codex,Codex+Claude QA,2026-05-29,d764cf077a451472673749ade3af240e31b7d48559e39002b64b836e23cb8779,Maestro,validated,Indice de documentos PDF (texto_bruto removido em 29/05 por Claude/QA; texto completo em data/extracted). Nao e serie financeira estruturada.
funserv_balanco_saude_ate_2018.csv,autarquias/funserv,multi,sorocaba,https://www.funservsorocaba.sp.gov.br/,data/extracted/sorocaba/funserv/funserv_balanco_saude_ate_2018.csv,pipeline externo/Claude + QA Codex,Codex+Claude QA,2026-05-29,9cbf0a8f2a6edf9fe3f7aa5907a01c5a45426d0f18b884bf3491f30df24f66fb,Maestro,validated,Indice de documentos PDF (texto_bruto removido em 29/05 por Claude/QA; texto completo em data/extracted). Nao e serie financeira estruturada.
dca_balanco_orcamentario_sorocaba_2020_2025.csv,fiscal,multi,sorocaba,https://apidatalake.tesouro.gov.br/ords/siconfi/,data\extracted\sorocaba\fiscal\saida\dca_balanco_orcamentario_sorocaba_2020_2025.csv,pipelines/qa_gate_coleta_2026_05_29.py,Claude (papel Codex),2026-05-29,9b85c319c2f767032e5284c35ab337b2dc3994bc878b1b64d28f5aa8b1238f3b,usuario 2026-05-29,validated,QA-gate 29/05: dado estruturado SICONFI/FUNSERV; 1078 linhas
funserv_apr_sorocaba_2020_2026.csv,autarquias,multi,sorocaba,https://apidatalake.tesouro.gov.br/ords/siconfi/,data\extracted\sorocaba\funserv\funserv_apr_sorocaba_2020_2026.csv,pipelines/qa_gate_coleta_2026_05_29.py,Claude (papel Codex),2026-05-29,7a7933ac05901c2f840fc96dd8f67552fc17b5fa13814203ca5b0ed755ca9126,usuario 2026-05-29,validated,QA-gate 29/05: dado estruturado SICONFI/FUNSERV; 66 linhas
