arquivo,camada,tema,ano,extensao,bytes,sha256,status_publicacao,linhas,colunas,nomes_colunas,colunas_com_vazios,paginas_pdf,paginas_pdf_com_texto,palavras_amostra_10_paginas,observacao
data/public/agentes/poder_publico_sorocaba.json,public,agentes,,json,21167,,publicado,1,6,municipio|uf|atualizado_em|observacao|fontes|grupos,,,,,
data/public/auditoria/agentes.json,public,auditoria,,json,8910,,publicado,27,,,,,,,
data/public/auditoria/emendas.json,public,auditoria,,json,14,,publicado,1,1,itens,,,,,
data/public/auditoria/ranking.json,public,auditoria,,json,3,,publicado,0,,,,,,,
data/public/sorocaba/camara/gabinete/saida/despesas_gabinete_camara_sorocaba_2020.csv,public,camara,2020,csv,12967,,publicado,237,9,ano|mes|vereador|aluguel_maquina|combustivel|material_escritorio|postagem|total|reembolso,aluguel_maquina=12;combustivel=121;material_escritorio=87;postagem=166;total=28;reembolso=227,,,,
data/public/sorocaba/camara/gabinete/saida/despesas_gabinete_camara_sorocaba_2021.csv,public,camara,2021,csv,15330,,publicado,247,9,ano|mes|vereador|aluguel_maquina|combustivel|material_escritorio|postagem|total|reembolso,aluguel_maquina=13;combustivel=98;material_escritorio=60;postagem=114;total=87;reembolso=239,,,,
data/public/sorocaba/camara/gabinete/saida/despesas_gabinete_camara_sorocaba_2022.csv,public,camara,2022,csv,15004,,publicado,239,9,ano|mes|vereador|aluguel_maquina|combustivel|material_escritorio|postagem|total|reembolso,aluguel_maquina=12;combustivel=63;material_escritorio=55;postagem=161;total=49;reembolso=227,,,,
data/public/sorocaba/camara/gabinete/saida/despesas_gabinete_camara_sorocaba_2023.csv,public,camara,2023,csv,15023,,publicado,235,9,ano|mes|vereador|aluguel_maquina|combustivel|material_escritorio|postagem|total|reembolso,aluguel_maquina=41;combustivel=18;material_escritorio=48;postagem=137;total=55;reembolso=224,,,,
data/public/sorocaba/camara/gabinete/saida/despesas_gabinete_camara_sorocaba_2024.csv,public,camara,2024,csv,15027,,publicado,242,9,ano|mes|vereador|aluguel_maquina|combustivel|material_escritorio|postagem|total|reembolso,aluguel_maquina=40;combustivel=50;material_escritorio=63;postagem=196;total=20;reembolso=228,,,,
data/public/sorocaba/camara/gabinete/saida/despesas_gabinete_camara_sorocaba_2025.csv,public,camara,2025,csv,19437,,publicado,302,9,ano|mes|vereador|aluguel_maquina|combustivel|material_escritorio|postagem|total|reembolso,aluguel_maquina=42;combustivel=10;material_escritorio=41;postagem=237;reembolso=282,,,,
data/public/sorocaba/camara/gabinete/saida/despesas_gabinete_camara_sorocaba_2026.csv,public,camara,2026,csv,4938,,publicado,76,9,ano|mes|vereador|aluguel_maquina|combustivel|material_escritorio|postagem|total|reembolso,combustivel=8;material_escritorio=19;postagem=61;reembolso=69,,,,
data/public/sorocaba/despesa/saida/despesa_orcamentaria_sorocaba_2020.csv,public,despesa,2020,csv,11146395,,publicado,37133,25,ano|pagina|orgao|unidade_orcamentaria|unidade_despesa|natureza_despesa|programa_trabalho|data|documento_despesa|nota_empenho|fornecedor_nome|fornecedor_codigo|despesa_paga_no_dia|despesa_paga_no_dia_num|despesa_paga_ate_data|despesa_paga_ate_data_num|empenhada_ate_data|empenhada_ate_data_num|empenhos_a_pagar|empenhos_a_pagar_num|fonte_arquivo|saneamento_metodo|nota_empenho_original|fornecedor_codigo_original|fornecedor_nome_original,saneamento_metodo=37133,,,,
data/public/sorocaba/despesa/saida/despesa_orcamentaria_sorocaba_2021.csv,public,despesa,2021,csv,3143371,,publicado,9365,26,ano|pagina|orgao|unidade_orcamentaria|unidade_despesa|natureza_despesa|programa_trabalho|data|documento_despesa|nota_empenho|fornecedor_nome|fornecedor_codigo|campos_herdados|despesa_paga_no_dia|despesa_paga_no_dia_num|despesa_paga_ate_data|despesa_paga_ate_data_num|empenhada_ate_data|empenhada_ate_data_num|empenhos_a_pagar|empenhos_a_pagar_num|fonte_arquivo|saneamento_metodo|nota_empenho_original|fornecedor_codigo_original|fornecedor_nome_original,unidade_orcamentaria=9365;unidade_despesa=9365;campos_herdados=4490;despesa_paga_no_dia=4020;despesa_paga_ate_data=187;empenhada_ate_data=87;empenhos_a_pagar=716;saneamento_metodo=9155;fornecedor_codigo_original=1,,,,
data/public/sorocaba/despesa/saida/despesa_orcamentaria_sorocaba_2022.csv,public,despesa,2022,csv,21169669,,publicado,63167,26,ano|pagina|orgao|unidade_orcamentaria|unidade_despesa|natureza_despesa|programa_trabalho|data|documento_despesa|nota_empenho|fornecedor_nome|fornecedor_codigo|campos_herdados|despesa_paga_no_dia|despesa_paga_no_dia_num|despesa_paga_ate_data|despesa_paga_ate_data_num|empenhada_ate_data|empenhada_ate_data_num|empenhos_a_pagar|empenhos_a_pagar_num|fonte_arquivo|saneamento_metodo|nota_empenho_original|fornecedor_codigo_original|fornecedor_nome_original,unidade_orcamentaria=63167;unidade_despesa=63167;fornecedor_codigo=4170;campos_herdados=42259;despesa_paga_no_dia=19652;despesa_paga_ate_data=1433;empenhada_ate_data=4520;empenhos_a_pagar=1705;saneamento_metodo=58976,,,,
data/public/sorocaba/despesa/saida/despesa_orcamentaria_sorocaba_2023.csv,public,despesa,2023,csv,23743163,,publicado,71225,26,ano|pagina|orgao|unidade_orcamentaria|unidade_despesa|natureza_despesa|programa_trabalho|data|documento_despesa|nota_empenho|fornecedor_nome|fornecedor_codigo|campos_herdados|despesa_paga_no_dia|despesa_paga_no_dia_num|despesa_paga_ate_data|despesa_paga_ate_data_num|empenhada_ate_data|empenhada_ate_data_num|empenhos_a_pagar|empenhos_a_pagar_num|fonte_arquivo|saneamento_metodo|nota_empenho_original|fornecedor_codigo_original|fornecedor_nome_original,unidade_orcamentaria=71225;unidade_despesa=71225;fornecedor_codigo=4533;campos_herdados=48167;despesa_paga_no_dia=23667;despesa_paga_ate_data=3857;empenhada_ate_data=8787;empenhos_a_pagar=6183;saneamento_metodo=66618,,,,
data/public/sorocaba/despesa/saida/despesa_orcamentaria_sorocaba_2024.csv,public,despesa,2024,csv,14466395,,publicado,47597,25,ano|pagina|orgao|unidade_orcamentaria|unidade_despesa|natureza_despesa|programa_trabalho|data|documento_despesa|nota_empenho|fornecedor_nome|fornecedor_codigo|despesa_paga_no_dia|despesa_paga_no_dia_num|despesa_paga_ate_data|despesa_paga_ate_data_num|empenhada_ate_data|empenhada_ate_data_num|empenhos_a_pagar|empenhos_a_pagar_num|fonte_arquivo|saneamento_metodo|nota_empenho_original|fornecedor_codigo_original|fornecedor_nome_original,saneamento_metodo=47597,,,,
data/public/sorocaba/despesa/saida/despesa_orcamentaria_sorocaba_2025.csv,public,despesa,2025,csv,14839637,,publicado,48691,25,ano|pagina|orgao|unidade_orcamentaria|unidade_despesa|natureza_despesa|programa_trabalho|data|documento_despesa|nota_empenho|fornecedor_nome|fornecedor_codigo|despesa_paga_no_dia|despesa_paga_no_dia_num|despesa_paga_ate_data|despesa_paga_ate_data_num|empenhada_ate_data|empenhada_ate_data_num|empenhos_a_pagar|empenhos_a_pagar_num|fonte_arquivo|saneamento_metodo|nota_empenho_original|fornecedor_codigo_original|fornecedor_nome_original,saneamento_metodo=48691,,,,
data/public/sorocaba/educacao/saida/despesas_educacao_sorocaba_2020.csv,public,educacao,2020,csv,1750,,publicado,12,7,Funcao|Dotacao_Atualizada|Empenhada|Liquidada|Paga|Quadrimestre|Fonte_PDF,,,,,
data/public/sorocaba/educacao/saida/despesas_educacao_sorocaba_2021.csv,public,educacao,2021,csv,1481,,publicado,10,7,Funcao|Dotacao_Atualizada|Empenhada|Liquidada|Paga|Quadrimestre|Fonte_PDF,,,,,
data/public/sorocaba/educacao/saida/despesas_educacao_sorocaba_2022.csv,public,educacao,2022,csv,1752,,publicado,12,7,Funcao|Dotacao_Atualizada|Empenhada|Liquidada|Paga|Quadrimestre|Fonte_PDF,,,,,
data/public/sorocaba/educacao/saida/despesas_educacao_sorocaba_2023.csv,public,educacao,2023,csv,1743,,publicado,12,7,Funcao|Dotacao_Atualizada|Empenhada|Liquidada|Paga|Quadrimestre|Fonte_PDF,,,,,
data/public/sorocaba/educacao/saida/despesas_educacao_sorocaba_2024.csv,public,educacao,2024,csv,1758,,publicado,12,7,Funcao|Dotacao_Atualizada|Empenhada|Liquidada|Paga|Quadrimestre|Fonte_PDF,,,,,
data/public/sorocaba/educacao/saida/despesas_educacao_sorocaba_2025.csv,public,educacao,2025,csv,1758,,publicado,12,7,Funcao|Dotacao_Atualizada|Empenhada|Liquidada|Paga|Quadrimestre|Fonte_PDF,,,,,
data/public/sorocaba/educacao/saida/receitas_base_educacao_sorocaba_2020.csv,public,educacao,2020,csv,1267,,publicado,4,13,Quadrimestre|Proprios_Previsao|Proprios_Arrecadado|Transferencias_Federais_Previsao|Transferencias_Federais_Arrecadado|Transferencias_Estaduais_Previsao|Transferencias_Estaduais_Arrecadado|Total_Base_Previsao|Total_Base_Arrecadado|Minimo_Educacao_Previsao|Minimo_Educacao_Arrecadado|Percentual_Aplicado_Liquidado|Fonte_PDF,,,,,
data/public/sorocaba/educacao/saida/receitas_base_educacao_sorocaba_2021.csv,public,educacao,2021,csv,1164,,publicado,4,13,Quadrimestre|Proprios_Previsao|Proprios_Arrecadado|Transferencias_Federais_Previsao|Transferencias_Federais_Arrecadado|Transferencias_Estaduais_Previsao|Transferencias_Estaduais_Arrecadado|Total_Base_Previsao|Total_Base_Arrecadado|Minimo_Educacao_Previsao|Minimo_Educacao_Arrecadado|Percentual_Aplicado_Liquidado|Fonte_PDF,,,,,
data/public/sorocaba/educacao/saida/receitas_base_educacao_sorocaba_2022.csv,public,educacao,2022,csv,1283,,publicado,4,13,Quadrimestre|Proprios_Previsao|Proprios_Arrecadado|Transferencias_Federais_Previsao|Transferencias_Federais_Arrecadado|Transferencias_Estaduais_Previsao|Transferencias_Estaduais_Arrecadado|Total_Base_Previsao|Total_Base_Arrecadado|Minimo_Educacao_Previsao|Minimo_Educacao_Arrecadado|Percentual_Aplicado_Liquidado|Fonte_PDF,,,,,
data/public/sorocaba/educacao/saida/receitas_base_educacao_sorocaba_2023.csv,public,educacao,2023,csv,1290,,publicado,4,13,Quadrimestre|Proprios_Previsao|Proprios_Arrecadado|Transferencias_Federais_Previsao|Transferencias_Federais_Arrecadado|Transferencias_Estaduais_Previsao|Transferencias_Estaduais_Arrecadado|Total_Base_Previsao|Total_Base_Arrecadado|Minimo_Educacao_Previsao|Minimo_Educacao_Arrecadado|Percentual_Aplicado_Liquidado|Fonte_PDF,,,,,
data/public/sorocaba/educacao/saida/receitas_base_educacao_sorocaba_2024.csv,public,educacao,2024,csv,1297,,publicado,4,13,Quadrimestre|Proprios_Previsao|Proprios_Arrecadado|Transferencias_Federais_Previsao|Transferencias_Federais_Arrecadado|Transferencias_Estaduais_Previsao|Transferencias_Estaduais_Arrecadado|Total_Base_Previsao|Total_Base_Arrecadado|Minimo_Educacao_Previsao|Minimo_Educacao_Arrecadado|Percentual_Aplicado_Liquidado|Fonte_PDF,,,,,
data/public/sorocaba/educacao/saida/receitas_base_educacao_sorocaba_2025.csv,public,educacao,2025,csv,1297,,publicado,4,13,Quadrimestre|Proprios_Previsao|Proprios_Arrecadado|Transferencias_Federais_Previsao|Transferencias_Federais_Arrecadado|Transferencias_Estaduais_Previsao|Transferencias_Estaduais_Arrecadado|Total_Base_Previsao|Total_Base_Arrecadado|Minimo_Educacao_Previsao|Minimo_Educacao_Arrecadado|Percentual_Aplicado_Liquidado|Fonte_PDF,,,,,
data/public/sorocaba/empenho/saida/empenho_sorocaba_2020.csv,public,empenho,2020,csv,3779897,,publicado,18490,17,ano|pagina|orgao|unidade_orcamentaria|unidade_despesa|natureza_despesa|programa_trabalho|data|processo|nota_empenho|fornecedor_codigo|especificacao|empenhado_no_dia_num|empenhado_ate_data_num|saldo_dotacao_num|fonte_arquivo|fornecedor_nome,,,,,
data/public/sorocaba/empenho/saida/empenho_sorocaba_2021.csv,public,empenho,2021,csv,8477938,,publicado,36947,17,ano|pagina|orgao|unidade_orcamentaria|unidade_despesa|natureza_despesa|programa_trabalho|data|processo|nota_empenho|fornecedor_codigo|especificacao|empenhado_no_dia_num|empenhado_ate_data_num|saldo_dotacao_num|fonte_arquivo|fornecedor_nome,unidade_orcamentaria=36947;unidade_despesa=36947;especificacao=6;fornecedor_nome=141,,,,
data/public/sorocaba/empenho/saida/empenho_sorocaba_2022.csv,public,empenho,2022,csv,9095233,,publicado,40104,17,ano|pagina|orgao|unidade_orcamentaria|unidade_despesa|natureza_despesa|programa_trabalho|data|processo|nota_empenho|fornecedor_codigo|especificacao|empenhado_no_dia_num|empenhado_ate_data_num|saldo_dotacao_num|fonte_arquivo|fornecedor_nome,unidade_orcamentaria=40104;unidade_despesa=40104;especificacao=42;fornecedor_nome=825,,,,
data/public/sorocaba/empenho/saida/empenho_sorocaba_2023.csv,public,empenho,2023,csv,9460870,,publicado,41649,17,ano|pagina|orgao|unidade_orcamentaria|unidade_despesa|natureza_despesa|programa_trabalho|data|processo|nota_empenho|fornecedor_codigo|especificacao|empenhado_no_dia_num|empenhado_ate_data_num|saldo_dotacao_num|fonte_arquivo|fornecedor_nome,unidade_orcamentaria=41649;unidade_despesa=41649;especificacao=28;fornecedor_nome=765,,,,
data/public/sorocaba/empenho/saida/empenho_sorocaba_2024.csv,public,empenho,2024,csv,8167486,,publicado,34597,17,ano|pagina|orgao|unidade_orcamentaria|unidade_despesa|natureza_despesa|programa_trabalho|data|processo|nota_empenho|fornecedor_codigo|especificacao|empenhado_no_dia_num|empenhado_ate_data_num|saldo_dotacao_num|fonte_arquivo|fornecedor_nome,unidade_orcamentaria=34597;fornecedor_nome=3,,,,
data/public/sorocaba/empenho/saida/empenho_sorocaba_2025.csv,public,empenho,2025,csv,6532505,,publicado,31444,17,ano|pagina|orgao|unidade_orcamentaria|unidade_despesa|natureza_despesa|programa_trabalho|data|processo|nota_empenho|fornecedor_codigo|especificacao|empenhado_no_dia_num|empenhado_ate_data_num|saldo_dotacao_num|fonte_arquivo|fornecedor_nome,,,,,
data/public/sorocaba/executivo/saida/despesas_executivo_sorocaba_2020.csv,public,executivo,2020,csv,5856,,publicado,23,8,Funcao|Dotacao_Inicial|Dotacao_Atualizada|Empenhado|Liquidado|Exceto_Intra_Liquidado|Intra_Liquidado|Fonte_URL,,,,,
data/public/sorocaba/executivo/saida/despesas_executivo_sorocaba_2021.csv,public,executivo,2021,csv,5603,,publicado,22,8,Funcao|Dotacao_Inicial|Dotacao_Atualizada|Empenhado|Liquidado|Exceto_Intra_Liquidado|Intra_Liquidado|Fonte_URL,,,,,
data/public/sorocaba/executivo/saida/despesas_executivo_sorocaba_2022.csv,public,executivo,2022,csv,5398,,publicado,21,8,Funcao|Dotacao_Inicial|Dotacao_Atualizada|Empenhado|Liquidado|Exceto_Intra_Liquidado|Intra_Liquidado|Fonte_URL,,,,,
data/public/sorocaba/executivo/saida/despesas_executivo_sorocaba_2023.csv,public,executivo,2023,csv,5406,,publicado,21,8,Funcao|Dotacao_Inicial|Dotacao_Atualizada|Empenhado|Liquidado|Exceto_Intra_Liquidado|Intra_Liquidado|Fonte_URL,,,,,
data/public/sorocaba/executivo/saida/despesas_executivo_sorocaba_2024.csv,public,executivo,2024,csv,5401,,publicado,21,8,Funcao|Dotacao_Inicial|Dotacao_Atualizada|Empenhado|Liquidado|Exceto_Intra_Liquidado|Intra_Liquidado|Fonte_URL,,,,,
data/public/sorocaba/executivo/saida/despesas_executivo_sorocaba_2025.csv,public,executivo,2025,csv,5415,,publicado,21,8,Funcao|Dotacao_Inicial|Dotacao_Atualizada|Empenhado|Liquidado|Exceto_Intra_Liquidado|Intra_Liquidado|Fonte_URL,,,,,
data/public/sorocaba/fiscal/saida/divida_detalhada_sorocaba_2020.csv,public,fiscal,2020,csv,751,,publicado,1,23,Ano|DC_Bruta|DC_Contratual|Emprestimos|Emp_Internos|Emp_Externos|Financiamentos|Fin_Internos|Precatorios_Vencidos|Precatorios_Total|Outras_Dividas|Deducoes|Disponibilidade_Caixa_Bruta|RP_Processados|DCL|RCL|DC_pct_RCL|DCL_pct_RCL|Limite_valor|Limite_pct_RCL|Limite_Alerta_valor|Passivo_Atuarial|Fonte_URL,,,,,
data/public/sorocaba/fiscal/saida/divida_detalhada_sorocaba_2021.csv,public,fiscal,2021,csv,752,,publicado,1,23,Ano|DC_Bruta|DC_Contratual|Emprestimos|Emp_Internos|Emp_Externos|Financiamentos|Fin_Internos|Precatorios_Vencidos|Precatorios_Total|Outras_Dividas|Deducoes|Disponibilidade_Caixa_Bruta|RP_Processados|DCL|RCL|DC_pct_RCL|DCL_pct_RCL|Limite_valor|Limite_pct_RCL|Limite_Alerta_valor|Passivo_Atuarial|Fonte_URL,,,,,
data/public/sorocaba/fiscal/saida/divida_detalhada_sorocaba_2022.csv,public,fiscal,2022,csv,752,,publicado,1,23,Ano|DC_Bruta|DC_Contratual|Emprestimos|Emp_Internos|Emp_Externos|Financiamentos|Fin_Internos|Precatorios_Vencidos|Precatorios_Total|Outras_Dividas|Deducoes|Disponibilidade_Caixa_Bruta|RP_Processados|DCL|RCL|DC_pct_RCL|DCL_pct_RCL|Limite_valor|Limite_pct_RCL|Limite_Alerta_valor|Passivo_Atuarial|Fonte_URL,,,,,
data/public/sorocaba/fiscal/saida/divida_detalhada_sorocaba_2023.csv,public,fiscal,2023,csv,755,,publicado,1,23,Ano|DC_Bruta|DC_Contratual|Emprestimos|Emp_Internos|Emp_Externos|Financiamentos|Fin_Internos|Precatorios_Vencidos|Precatorios_Total|Outras_Dividas|Deducoes|Disponibilidade_Caixa_Bruta|RP_Processados|DCL|RCL|DC_pct_RCL|DCL_pct_RCL|Limite_valor|Limite_pct_RCL|Limite_Alerta_valor|Passivo_Atuarial|Fonte_URL,,,,,
data/public/sorocaba/fiscal/saida/divida_detalhada_sorocaba_2024.csv,public,fiscal,2024,csv,754,,publicado,1,23,Ano|DC_Bruta|DC_Contratual|Emprestimos|Emp_Internos|Emp_Externos|Financiamentos|Fin_Internos|Precatorios_Vencidos|Precatorios_Total|Outras_Dividas|Deducoes|Disponibilidade_Caixa_Bruta|RP_Processados|DCL|RCL|DC_pct_RCL|DCL_pct_RCL|Limite_valor|Limite_pct_RCL|Limite_Alerta_valor|Passivo_Atuarial|Fonte_URL,,,,,
data/public/sorocaba/fiscal/saida/divida_detalhada_sorocaba_2025.csv,public,fiscal,2025,csv,748,,publicado,1,23,Ano|DC_Bruta|DC_Contratual|Emprestimos|Emp_Internos|Emp_Externos|Financiamentos|Fin_Internos|Precatorios_Vencidos|Precatorios_Total|Outras_Dividas|Deducoes|Disponibilidade_Caixa_Bruta|RP_Processados|DCL|RCL|DC_pct_RCL|DCL_pct_RCL|Limite_valor|Limite_pct_RCL|Limite_Alerta_valor|Passivo_Atuarial|Fonte_URL,,,,,
data/public/sorocaba/fiscal/saida/divida_sorocaba_2020.csv,public,fiscal,2020,csv,543,,publicado,1,16,Ano|DC_Bruta|DC_Contratual|Emprestimos|Financiamentos|Precatorios|Deducoes|DCL|RCL|DC_pct_RCL|DCL_pct_RCL|Limite_valor|Limite_pct_RCL|Limite_Alerta_valor|Passivo_Atuarial|Fonte_URL,,,,,
data/public/sorocaba/fiscal/saida/divida_sorocaba_2021.csv,public,fiscal,2021,csv,542,,publicado,1,16,Ano|DC_Bruta|DC_Contratual|Emprestimos|Financiamentos|Precatorios|Deducoes|DCL|RCL|DC_pct_RCL|DCL_pct_RCL|Limite_valor|Limite_pct_RCL|Limite_Alerta_valor|Passivo_Atuarial|Fonte_URL,,,,,
data/public/sorocaba/fiscal/saida/divida_sorocaba_2022.csv,public,fiscal,2022,csv,541,,publicado,1,16,Ano|DC_Bruta|DC_Contratual|Emprestimos|Financiamentos|Precatorios|Deducoes|DCL|RCL|DC_pct_RCL|DCL_pct_RCL|Limite_valor|Limite_pct_RCL|Limite_Alerta_valor|Passivo_Atuarial|Fonte_URL,,,,,
data/public/sorocaba/fiscal/saida/divida_sorocaba_2023.csv,public,fiscal,2023,csv,543,,publicado,1,16,Ano|DC_Bruta|DC_Contratual|Emprestimos|Financiamentos|Precatorios|Deducoes|DCL|RCL|DC_pct_RCL|DCL_pct_RCL|Limite_valor|Limite_pct_RCL|Limite_Alerta_valor|Passivo_Atuarial|Fonte_URL,,,,,
data/public/sorocaba/fiscal/saida/divida_sorocaba_2024.csv,public,fiscal,2024,csv,543,,publicado,1,16,Ano|DC_Bruta|DC_Contratual|Emprestimos|Financiamentos|Precatorios|Deducoes|DCL|RCL|DC_pct_RCL|DCL_pct_RCL|Limite_valor|Limite_pct_RCL|Limite_Alerta_valor|Passivo_Atuarial|Fonte_URL,,,,,
data/public/sorocaba/fiscal/saida/divida_sorocaba_2025.csv,public,fiscal,2025,csv,536,,publicado,1,16,Ano|DC_Bruta|DC_Contratual|Emprestimos|Financiamentos|Precatorios|Deducoes|DCL|RCL|DC_pct_RCL|DCL_pct_RCL|Limite_valor|Limite_pct_RCL|Limite_Alerta_valor|Passivo_Atuarial|Fonte_URL,,,,,
data/public/sorocaba/fiscal/saida/natureza_despesa_sorocaba_2020.csv,public,fiscal,2020,csv,377,,publicado,1,9,Ano|Pessoal|Juros_Encargos|Outras_Correntes|Despesas_Correntes|Investimentos|Despesas_Capital|Total_Despesas|Fonte_URL,,,,,
data/public/sorocaba/fiscal/saida/natureza_despesa_sorocaba_2021.csv,public,fiscal,2021,csv,378,,publicado,1,9,Ano|Pessoal|Juros_Encargos|Outras_Correntes|Despesas_Correntes|Investimentos|Despesas_Capital|Total_Despesas|Fonte_URL,,,,,
data/public/sorocaba/fiscal/saida/natureza_despesa_sorocaba_2022.csv,public,fiscal,2022,csv,378,,publicado,1,9,Ano|Pessoal|Juros_Encargos|Outras_Correntes|Despesas_Correntes|Investimentos|Despesas_Capital|Total_Despesas|Fonte_URL,,,,,
data/public/sorocaba/fiscal/saida/natureza_despesa_sorocaba_2023.csv,public,fiscal,2023,csv,378,,publicado,1,9,Ano|Pessoal|Juros_Encargos|Outras_Correntes|Despesas_Correntes|Investimentos|Despesas_Capital|Total_Despesas|Fonte_URL,,,,,
data/public/sorocaba/fiscal/saida/natureza_despesa_sorocaba_2024.csv,public,fiscal,2024,csv,378,,publicado,1,9,Ano|Pessoal|Juros_Encargos|Outras_Correntes|Despesas_Correntes|Investimentos|Despesas_Capital|Total_Despesas|Fonte_URL,,,,,
data/public/sorocaba/fiscal/saida/natureza_despesa_sorocaba_2025.csv,public,fiscal,2025,csv,378,,publicado,1,9,Ano|Pessoal|Juros_Encargos|Outras_Correntes|Despesas_Correntes|Investimentos|Despesas_Capital|Total_Despesas|Fonte_URL,,,,,
data/public/sorocaba/fiscal/saida/pessoal_sorocaba_2020.csv,public,fiscal,2020,csv,485,,publicado,1,13,Ano|RCL|RCL_Ajustada|Pessoal_Bruto|Pessoal_Ativo|Pessoal_Inativo|Pessoal_Liquido|DTP|DTP_pct_RCL|Limite_Maximo_pct|Limite_Prudencial_pct|Limite_Alerta_pct|Fonte_URL,,,,,
data/public/sorocaba/fiscal/saida/pessoal_sorocaba_2021.csv,public,fiscal,2021,csv,485,,publicado,1,13,Ano|RCL|RCL_Ajustada|Pessoal_Bruto|Pessoal_Ativo|Pessoal_Inativo|Pessoal_Liquido|DTP|DTP_pct_RCL|Limite_Maximo_pct|Limite_Prudencial_pct|Limite_Alerta_pct|Fonte_URL,,,,,
data/public/sorocaba/fiscal/saida/pessoal_sorocaba_2022.csv,public,fiscal,2022,csv,486,,publicado,1,13,Ano|RCL|RCL_Ajustada|Pessoal_Bruto|Pessoal_Ativo|Pessoal_Inativo|Pessoal_Liquido|DTP|DTP_pct_RCL|Limite_Maximo_pct|Limite_Prudencial_pct|Limite_Alerta_pct|Fonte_URL,,,,,
data/public/sorocaba/fiscal/saida/pessoal_sorocaba_2023.csv,public,fiscal,2023,csv,486,,publicado,1,13,Ano|RCL|RCL_Ajustada|Pessoal_Bruto|Pessoal_Ativo|Pessoal_Inativo|Pessoal_Liquido|DTP|DTP_pct_RCL|Limite_Maximo_pct|Limite_Prudencial_pct|Limite_Alerta_pct|Fonte_URL,,,,,
data/public/sorocaba/fiscal/saida/pessoal_sorocaba_2024.csv,public,fiscal,2024,csv,486,,publicado,1,13,Ano|RCL|RCL_Ajustada|Pessoal_Bruto|Pessoal_Ativo|Pessoal_Inativo|Pessoal_Liquido|DTP|DTP_pct_RCL|Limite_Maximo_pct|Limite_Prudencial_pct|Limite_Alerta_pct|Fonte_URL,,,,,
data/public/sorocaba/fiscal/saida/pessoal_sorocaba_2025.csv,public,fiscal,2025,csv,486,,publicado,1,13,Ano|RCL|RCL_Ajustada|Pessoal_Bruto|Pessoal_Ativo|Pessoal_Inativo|Pessoal_Liquido|DTP|DTP_pct_RCL|Limite_Maximo_pct|Limite_Prudencial_pct|Limite_Alerta_pct|Fonte_URL,,,,,
data/public/sorocaba/fiscal/saida/rcl_capital_sorocaba_2020.csv,public,fiscal,2020,csv,426,,publicado,1,10,Ano|Operacoes_Credito_Internas|Operacoes_Credito_Externas|Operacoes_Credito_Total|Alienacao_Bens|Alienacao_Bens_Imoveis|Alienacao_Bens_Moveis|Outras_Capital|Total_Capital|Fonte_URL,,,,,
data/public/sorocaba/fiscal/saida/rcl_capital_sorocaba_2021.csv,public,fiscal,2021,csv,433,,publicado,1,10,Ano|Operacoes_Credito_Internas|Operacoes_Credito_Externas|Operacoes_Credito_Total|Alienacao_Bens|Alienacao_Bens_Imoveis|Alienacao_Bens_Moveis|Outras_Capital|Total_Capital|Fonte_URL,,,,,
data/public/sorocaba/fiscal/saida/rcl_capital_sorocaba_2022.csv,public,fiscal,2022,csv,429,,publicado,1,10,Ano|Operacoes_Credito_Internas|Operacoes_Credito_Externas|Operacoes_Credito_Total|Alienacao_Bens|Alienacao_Bens_Imoveis|Alienacao_Bens_Moveis|Outras_Capital|Total_Capital|Fonte_URL,,,,,
data/public/sorocaba/fiscal/saida/rcl_capital_sorocaba_2023.csv,public,fiscal,2023,csv,434,,publicado,1,10,Ano|Operacoes_Credito_Internas|Operacoes_Credito_Externas|Operacoes_Credito_Total|Alienacao_Bens|Alienacao_Bens_Imoveis|Alienacao_Bens_Moveis|Outras_Capital|Total_Capital|Fonte_URL,,,,,
data/public/sorocaba/fiscal/saida/rcl_capital_sorocaba_2024.csv,public,fiscal,2024,csv,443,,publicado,1,10,Ano|Operacoes_Credito_Internas|Operacoes_Credito_Externas|Operacoes_Credito_Total|Alienacao_Bens|Alienacao_Bens_Imoveis|Alienacao_Bens_Moveis|Outras_Capital|Total_Capital|Fonte_URL,,,,,
data/public/sorocaba/fiscal/saida/rcl_capital_sorocaba_2025.csv,public,fiscal,2025,csv,419,,publicado,1,10,Ano|Operacoes_Credito_Internas|Operacoes_Credito_Externas|Operacoes_Credito_Total|Alienacao_Bens|Alienacao_Bens_Imoveis|Alienacao_Bens_Moveis|Outras_Capital|Total_Capital|Fonte_URL,,,,,
data/public/sorocaba/fiscal/saida/rcl_sorocaba_2020.csv,public,fiscal,2020,csv,595,,publicado,1,19,Ano|Receitas_Correntes|IPTU|ISS|ITBI|IRRF|Outras_Tributarias|Transferencias_Total|FPM|ICMS|IPVA|FUNDEB|Outras_Transferencias|Receita_Servicos|Receita_Patrimonial|Receita_Contribuicoes|Outras_Correntes|Outros|Fonte_URL,,,,,
data/public/sorocaba/fiscal/saida/rcl_sorocaba_2021.csv,public,fiscal,2021,csv,596,,publicado,1,19,Ano|Receitas_Correntes|IPTU|ISS|ITBI|IRRF|Outras_Tributarias|Transferencias_Total|FPM|ICMS|IPVA|FUNDEB|Outras_Transferencias|Receita_Servicos|Receita_Patrimonial|Receita_Contribuicoes|Outras_Correntes|Outros|Fonte_URL,,,,,
data/public/sorocaba/fiscal/saida/rcl_sorocaba_2022.csv,public,fiscal,2022,csv,597,,publicado,1,19,Ano|Receitas_Correntes|IPTU|ISS|ITBI|IRRF|Outras_Tributarias|Transferencias_Total|FPM|ICMS|IPVA|FUNDEB|Outras_Transferencias|Receita_Servicos|Receita_Patrimonial|Receita_Contribuicoes|Outras_Correntes|Outros|Fonte_URL,,,,,
data/public/sorocaba/fiscal/saida/rcl_sorocaba_2023.csv,public,fiscal,2023,csv,599,,publicado,1,19,Ano|Receitas_Correntes|IPTU|ISS|ITBI|IRRF|Outras_Tributarias|Transferencias_Total|FPM|ICMS|IPVA|FUNDEB|Outras_Transferencias|Receita_Servicos|Receita_Patrimonial|Receita_Contribuicoes|Outras_Correntes|Outros|Fonte_URL,,,,,
data/public/sorocaba/fiscal/saida/rcl_sorocaba_2024.csv,public,fiscal,2024,csv,598,,publicado,1,19,Ano|Receitas_Correntes|IPTU|ISS|ITBI|IRRF|Outras_Tributarias|Transferencias_Total|FPM|ICMS|IPVA|FUNDEB|Outras_Transferencias|Receita_Servicos|Receita_Patrimonial|Receita_Contribuicoes|Outras_Correntes|Outros|Fonte_URL,,,,,
data/public/sorocaba/fiscal/saida/rcl_sorocaba_2025.csv,public,fiscal,2025,csv,599,,publicado,1,19,Ano|Receitas_Correntes|IPTU|ISS|ITBI|IRRF|Outras_Tributarias|Transferencias_Total|FPM|ICMS|IPVA|FUNDEB|Outras_Transferencias|Receita_Servicos|Receita_Patrimonial|Receita_Contribuicoes|Outras_Correntes|Outros|Fonte_URL,,,,,
data/public/sorocaba/fiscal/saida/rpps_sorocaba_2020.csv,public,fiscal,2020,csv,368,,publicado,1,8,Ano|Contribuicoes_Segurados|Contribuicoes_Patronal|Total_Receitas_RPPS|Aposentadorias|Total_Despesas_RPPS|Resultado_RPPS|Fonte_URL,,,,,
data/public/sorocaba/fiscal/saida/rpps_sorocaba_2021.csv,public,fiscal,2021,csv,370,,publicado,1,8,Ano|Contribuicoes_Segurados|Contribuicoes_Patronal|Total_Receitas_RPPS|Aposentadorias|Total_Despesas_RPPS|Resultado_RPPS|Fonte_URL,,,,,
data/public/sorocaba/fiscal/saida/rpps_sorocaba_2022.csv,public,fiscal,2022,csv,370,,publicado,1,8,Ano|Contribuicoes_Segurados|Contribuicoes_Patronal|Total_Receitas_RPPS|Aposentadorias|Total_Despesas_RPPS|Resultado_RPPS|Fonte_URL,,,,,
data/public/sorocaba/fiscal/saida/rpps_sorocaba_2023.csv,public,fiscal,2023,csv,373,,publicado,1,8,Ano|Contribuicoes_Segurados|Contribuicoes_Patronal|Total_Receitas_RPPS|Aposentadorias|Total_Despesas_RPPS|Resultado_RPPS|Fonte_URL,,,,,
data/public/sorocaba/fiscal/saida/rpps_sorocaba_2024.csv,public,fiscal,2024,csv,374,,publicado,1,8,Ano|Contribuicoes_Segurados|Contribuicoes_Patronal|Total_Receitas_RPPS|Aposentadorias|Total_Despesas_RPPS|Resultado_RPPS|Fonte_URL,,,,,
data/public/sorocaba/fiscal/saida/rpps_sorocaba_2025.csv,public,fiscal,2025,csv,372,,publicado,1,8,Ano|Contribuicoes_Segurados|Contribuicoes_Patronal|Total_Receitas_RPPS|Aposentadorias|Total_Despesas_RPPS|Resultado_RPPS|Fonte_URL,,,,,
data/public/sorocaba/fornecedores/saida/fornecedores_agregado_sorocaba_2020.csv,public,fornecedores,2020,csv,444055,,publicado,3094,11,ano|fornecedor_codigo|fornecedor_nome|classificacao_inicial|movimentos|credito_num|debito_num|saldo_final_num|primeira_data|ultima_data|fonte_arquivo,,,,,
data/public/sorocaba/fornecedores/saida/fornecedores_agregado_sorocaba_2021.csv,public,fornecedores,2021,csv,596299,,publicado,4216,11,ano|fornecedor_codigo|fornecedor_nome|classificacao_inicial|movimentos|credito_num|debito_num|saldo_final_num|primeira_data|ultima_data|fonte_arquivo,,,,,
data/public/sorocaba/fornecedores/saida/fornecedores_agregado_sorocaba_2022.csv,public,fornecedores,2022,csv,624779,,publicado,4337,11,ano|fornecedor_codigo|fornecedor_nome|classificacao_inicial|movimentos|credito_num|debito_num|saldo_final_num|primeira_data|ultima_data|fonte_arquivo,fornecedor_codigo=472,,,,
data/public/sorocaba/fornecedores/saida/fornecedores_agregado_sorocaba_2023.csv,public,fornecedores,2023,csv,683230,,publicado,4782,11,ano|fornecedor_codigo|fornecedor_nome|classificacao_inicial|movimentos|credito_num|debito_num|saldo_final_num|primeira_data|ultima_data|fonte_arquivo,fornecedor_codigo=490,,,,
data/public/sorocaba/fornecedores/saida/fornecedores_agregado_sorocaba_2024.csv,public,fornecedores,2024,csv,719074,,publicado,5060,11,ano|fornecedor_codigo|fornecedor_nome|classificacao_inicial|movimentos|credito_num|debito_num|saldo_final_num|primeira_data|ultima_data|fonte_arquivo,,,,,
data/public/sorocaba/fornecedores/saida/fornecedores_agregado_sorocaba_2025.csv,public,fornecedores,2025,csv,559340,,publicado,3911,11,ano|fornecedor_codigo|fornecedor_nome|classificacao_inicial|movimentos|credito_num|debito_num|saldo_final_num|primeira_data|ultima_data|fonte_arquivo,,,,,
data/public/sorocaba/loa/saida/audiencia_loa_sorocaba_2022.csv,public,loa,2022,csv,386,,publicado,4,9,ano|regiao|area|percentual|n_formularios_regiao|n_formularios_total|n_propostas_total|qualidade_dado|fonte_arquivo,n_formularios_regiao=4;n_propostas_total=4,,,,
data/public/sorocaba/loa/saida/audiencia_loa_sorocaba_2023.csv,public,loa,2023,csv,4775,,publicado,58,9,ano|regiao|area|percentual|n_formularios_regiao|n_formularios_total|n_propostas_total|qualidade_dado|fonte_arquivo,n_formularios_regiao=14,,,,
data/public/sorocaba/loa/saida/audiencia_loa_sorocaba_2024.csv,public,loa,2024,csv,4488,,publicado,55,9,ano|regiao|area|percentual|n_formularios_regiao|n_formularios_total|n_propostas_total|qualidade_dado|fonte_arquivo,n_formularios_regiao=55,,,,
data/public/sorocaba/loa/saida/audiencia_loa_sorocaba_2025.csv,public,loa,2025,csv,2749,,publicado,33,9,ano|regiao|area|percentual|n_formularios_regiao|n_formularios_total|n_propostas_total|qualidade_dado|fonte_arquivo,,,,,
data/public/sorocaba/loa/saida/audiencia_loa_sorocaba_2026.csv,public,loa,2026,csv,1189,,publicado,14,9,ano|regiao|area|percentual|n_formularios_regiao|n_formularios_total|n_propostas_total|qualidade_dado|fonte_arquivo,n_formularios_regiao=14;n_formularios_total=14;n_propostas_total=14,,,,
data/public/sorocaba/receita/saida/receitas_sorocaba_2020.csv,public,receita,2020,csv,4483,,publicado,17,7,Categoria|Cod_Conta|Previsto_Inicial|Previsto_Atualizado|Arrecadado_Bimestre|Arrecadado_Acumulado|Fonte_URL,,,,,
data/public/sorocaba/receita/saida/receitas_sorocaba_2021.csv,public,receita,2021,csv,4483,,publicado,17,7,Categoria|Cod_Conta|Previsto_Inicial|Previsto_Atualizado|Arrecadado_Bimestre|Arrecadado_Acumulado|Fonte_URL,,,,,
data/public/sorocaba/receita/saida/receitas_sorocaba_2022.csv,public,receita,2022,csv,4492,,publicado,17,7,Categoria|Cod_Conta|Previsto_Inicial|Previsto_Atualizado|Arrecadado_Bimestre|Arrecadado_Acumulado|Fonte_URL,,,,,
data/public/sorocaba/receita/saida/receitas_sorocaba_2023.csv,public,receita,2023,csv,4496,,publicado,17,7,Categoria|Cod_Conta|Previsto_Inicial|Previsto_Atualizado|Arrecadado_Bimestre|Arrecadado_Acumulado|Fonte_URL,,,,,
data/public/sorocaba/receita/saida/receitas_sorocaba_2024.csv,public,receita,2024,csv,4496,,publicado,17,7,Categoria|Cod_Conta|Previsto_Inicial|Previsto_Atualizado|Arrecadado_Bimestre|Arrecadado_Acumulado|Fonte_URL,,,,,
data/public/sorocaba/receita/saida/receitas_sorocaba_2025.csv,public,receita,2025,csv,4497,,publicado,17,7,Categoria|Cod_Conta|Previsto_Inicial|Previsto_Atualizado|Arrecadado_Bimestre|Arrecadado_Acumulado|Fonte_URL,,,,,
data/public/sorocaba/restos/saida/restos_agregado_sorocaba_2020.csv,public,restos,2020,csv,36610,,publicado,239,12,ano|ano_restos|fornecedor_codigo|fornecedor_nome|classificacao_inicial|movimentos|credito_num|debito_num|saldo_final_num|primeira_data|ultima_data|fonte_arquivo,,,,,
data/public/sorocaba/restos/saida/restos_agregado_sorocaba_2021.csv,public,restos,2021,csv,114160,,publicado,764,12,ano|ano_restos|fornecedor_codigo|fornecedor_nome|classificacao_inicial|movimentos|credito_num|debito_num|saldo_final_num|primeira_data|ultima_data|fonte_arquivo,,,,,
data/public/sorocaba/restos/saida/restos_agregado_sorocaba_2022.csv,public,restos,2022,csv,97700,,publicado,663,12,ano|ano_restos|fornecedor_codigo|fornecedor_nome|classificacao_inicial|movimentos|credito_num|debito_num|saldo_final_num|primeira_data|ultima_data|fonte_arquivo,,,,,
data/public/sorocaba/restos/saida/restos_agregado_sorocaba_2023.csv,public,restos,2023,csv,107761,,publicado,737,12,ano|ano_restos|fornecedor_codigo|fornecedor_nome|classificacao_inicial|movimentos|credito_num|debito_num|saldo_final_num|primeira_data|ultima_data|fonte_arquivo,,,,,
data/public/sorocaba/restos/saida/restos_agregado_sorocaba_2024.csv,public,restos,2024,csv,111075,,publicado,759,12,ano|ano_restos|fornecedor_codigo|fornecedor_nome|classificacao_inicial|movimentos|credito_num|debito_num|saldo_final_num|primeira_data|ultima_data|fonte_arquivo,,,,,
data/public/sorocaba/restos/saida/restos_agregado_sorocaba_2025.csv,public,restos,2025,csv,123202,,publicado,817,12,ano|ano_restos|fornecedor_codigo|fornecedor_nome|classificacao_inicial|movimentos|credito_num|debito_num|saldo_final_num|primeira_data|ultima_data|fonte_arquivo,,,,,
data/public/sorocaba/saude/saida/despesas_saude_sorocaba_2020.csv,public,saude,2020,csv,3291,,publicado,24,7,Funcao|Dotacao_Atualizada|Empenhada|Liquidada|Paga|Quadrimestre|Fonte_PDF,,,,,
data/public/sorocaba/saude/saida/despesas_saude_sorocaba_2021.csv,public,saude,2021,csv,3477,,publicado,24,7,Funcao|Dotacao_Atualizada|Empenhada|Liquidada|Paga|Quadrimestre|Fonte_PDF,,,,,
data/public/sorocaba/saude/saida/despesas_saude_sorocaba_2022.csv,public,saude,2022,csv,3700,,publicado,24,7,Funcao|Dotacao_Atualizada|Empenhada|Liquidada|Paga|Quadrimestre|Fonte_PDF,,,,,
data/public/sorocaba/saude/saida/despesas_saude_sorocaba_2023.csv,public,saude,2023,csv,3699,,publicado,24,7,Funcao|Dotacao_Atualizada|Empenhada|Liquidada|Paga|Quadrimestre|Fonte_PDF,,,,,
data/public/sorocaba/saude/saida/despesas_saude_sorocaba_2024.csv,public,saude,2024,csv,3705,,publicado,24,7,Funcao|Dotacao_Atualizada|Empenhada|Liquidada|Paga|Quadrimestre|Fonte_PDF,,,,,
data/public/sorocaba/saude/saida/despesas_saude_sorocaba_2025.csv,public,saude,2025,csv,3701,,publicado,24,7,Funcao|Dotacao_Atualizada|Empenhada|Liquidada|Paga|Quadrimestre|Fonte_PDF,,,,,
data/public/sorocaba/saude/saida/receitas_base_saude_sorocaba_2020.csv,public,saude,2020,csv,1054,,publicado,3,13,Quadrimestre|Fonte_PDF|Proprios_Previsao|Proprios_Arrecadado|Transferencias_Federais_Previsao|Transferencias_Federais_Arrecadado|Transferencias_Estaduais_Previsao|Transferencias_Estaduais_Arrecadado|Total_Base_Previsao|Total_Base_Arrecadado|Minimo_Saude_Previsao|Minimo_Saude_Arrecadado|Percentual_Aplicado_Liquidado,,,,,
data/public/sorocaba/saude/saida/receitas_base_saude_sorocaba_2021.csv,public,saude,2021,csv,1055,,publicado,3,13,Quadrimestre|Fonte_PDF|Proprios_Previsao|Proprios_Arrecadado|Transferencias_Federais_Previsao|Transferencias_Federais_Arrecadado|Transferencias_Estaduais_Previsao|Transferencias_Estaduais_Arrecadado|Total_Base_Previsao|Total_Base_Arrecadado|Minimo_Saude_Previsao|Minimo_Saude_Arrecadado|Percentual_Aplicado_Liquidado,,,,,
data/public/sorocaba/saude/saida/receitas_base_saude_sorocaba_2022.csv,public,saude,2022,csv,1067,,publicado,3,13,Quadrimestre|Fonte_PDF|Proprios_Previsao|Proprios_Arrecadado|Transferencias_Federais_Previsao|Transferencias_Federais_Arrecadado|Transferencias_Estaduais_Previsao|Transferencias_Estaduais_Arrecadado|Total_Base_Previsao|Total_Base_Arrecadado|Minimo_Saude_Previsao|Minimo_Saude_Arrecadado|Percentual_Aplicado_Liquidado,,,,,
data/public/sorocaba/saude/saida/receitas_base_saude_sorocaba_2023.csv,public,saude,2023,csv,1071,,publicado,3,13,Quadrimestre|Fonte_PDF|Proprios_Previsao|Proprios_Arrecadado|Transferencias_Federais_Previsao|Transferencias_Federais_Arrecadado|Transferencias_Estaduais_Previsao|Transferencias_Estaduais_Arrecadado|Total_Base_Previsao|Total_Base_Arrecadado|Minimo_Saude_Previsao|Minimo_Saude_Arrecadado|Percentual_Aplicado_Liquidado,,,,,
data/public/sorocaba/saude/saida/receitas_base_saude_sorocaba_2024.csv,public,saude,2024,csv,1079,,publicado,3,13,Quadrimestre|Fonte_PDF|Proprios_Previsao|Proprios_Arrecadado|Transferencias_Federais_Previsao|Transferencias_Federais_Arrecadado|Transferencias_Estaduais_Previsao|Transferencias_Estaduais_Arrecadado|Total_Base_Previsao|Total_Base_Arrecadado|Minimo_Saude_Previsao|Minimo_Saude_Arrecadado|Percentual_Aplicado_Liquidado,,,,,
data/public/sorocaba/saude/saida/receitas_base_saude_sorocaba_2025.csv,public,saude,2025,csv,1079,,publicado,3,13,Quadrimestre|Fonte_PDF|Proprios_Previsao|Proprios_Arrecadado|Transferencias_Federais_Previsao|Transferencias_Federais_Arrecadado|Transferencias_Estaduais_Previsao|Transferencias_Estaduais_Arrecadado|Total_Base_Previsao|Total_Base_Arrecadado|Minimo_Saude_Previsao|Minimo_Saude_Arrecadado|Percentual_Aplicado_Liquidado,,,,,
data/public/sorocaba/saude/saida/receitas_detalhamento_sorocaba_2020.csv,public,saude,2020,csv,1750,,publicado,9,4,Categoria|Conta|Valor|Fonte_URL,,,,,
data/public/sorocaba/saude/saida/receitas_detalhamento_sorocaba_2021.csv,public,saude,2021,csv,1750,,publicado,9,4,Categoria|Conta|Valor|Fonte_URL,,,,,
data/public/sorocaba/saude/saida/receitas_detalhamento_sorocaba_2022.csv,public,saude,2022,csv,1751,,publicado,9,4,Categoria|Conta|Valor|Fonte_URL,,,,,
data/public/sorocaba/saude/saida/receitas_detalhamento_sorocaba_2023.csv,public,saude,2023,csv,1752,,publicado,9,4,Categoria|Conta|Valor|Fonte_URL,,,,,
data/public/sorocaba/saude/saida/receitas_detalhamento_sorocaba_2024.csv,public,saude,2024,csv,1752,,publicado,9,4,Categoria|Conta|Valor|Fonte_URL,,,,,
data/public/sorocaba/saude/saida/receitas_detalhamento_sorocaba_2025.csv,public,saude,2025,csv,1752,,publicado,9,4,Categoria|Conta|Valor|Fonte_URL,,,,,
data/public/sorocaba/saude/saida/rreo_despesas_saude_sorocaba_2020.csv,public,saude,2020,csv,3784,,publicado,24,12,Funcao|ASPS_Empenhada|ASPS_Liquidada|ASPS_Paga|SUS_Empenhada|SUS_Liquidada|SUS_Paga|Total_Empenhada|Total_Liquidada|Total_Paga|Quadrimestre|Fonte_PDF,,,,,
data/public/sorocaba/saude/saida/rreo_despesas_saude_sorocaba_2021.csv,public,saude,2021,csv,3827,,publicado,24,12,Funcao|ASPS_Empenhada|ASPS_Liquidada|ASPS_Paga|SUS_Empenhada|SUS_Liquidada|SUS_Paga|Total_Empenhada|Total_Liquidada|Total_Paga|Quadrimestre|Fonte_PDF,,,,,
data/public/sorocaba/saude/saida/rreo_despesas_saude_sorocaba_2022.csv,public,saude,2022,csv,4104,,publicado,24,12,Funcao|ASPS_Empenhada|ASPS_Liquidada|ASPS_Paga|SUS_Empenhada|SUS_Liquidada|SUS_Paga|Total_Empenhada|Total_Liquidada|Total_Paga|Quadrimestre|Fonte_PDF,,,,,
data/public/sorocaba/saude/saida/rreo_despesas_saude_sorocaba_2023.csv,public,saude,2023,csv,4089,,publicado,24,12,Funcao|ASPS_Empenhada|ASPS_Liquidada|ASPS_Paga|SUS_Empenhada|SUS_Liquidada|SUS_Paga|Total_Empenhada|Total_Liquidada|Total_Paga|Quadrimestre|Fonte_PDF,,,,,
data/public/sorocaba/saude/saida/rreo_despesas_saude_sorocaba_2024.csv,public,saude,2024,csv,4110,,publicado,24,12,Funcao|ASPS_Empenhada|ASPS_Liquidada|ASPS_Paga|SUS_Empenhada|SUS_Liquidada|SUS_Paga|Total_Empenhada|Total_Liquidada|Total_Paga|Quadrimestre|Fonte_PDF,,,,,
data/public/sorocaba/saude/saida/rreo_despesas_saude_sorocaba_2025.csv,public,saude,2025,csv,4082,,publicado,24,12,Funcao|ASPS_Empenhada|ASPS_Liquidada|ASPS_Paga|SUS_Empenhada|SUS_Liquidada|SUS_Paga|Total_Empenhada|Total_Liquidada|Total_Paga|Quadrimestre|Fonte_PDF,,,,,
data/public/sorocaba/saude/saida/rreo_receitas_sus_sorocaba_2020.csv,public,saude,2020,csv,529,,publicado,3,9,Quadrimestre|SUS_Total_Previsao|SUS_Total_Arrecadado|SUS_Uniao_Previsao|SUS_Uniao_Arrecadado|SUS_Estados_Previsao|SUS_Estados_Arrecadado|Percentual_ASPS|Fonte_PDF,,,,,
data/public/sorocaba/saude/saida/rreo_receitas_sus_sorocaba_2021.csv,public,saude,2021,csv,524,,publicado,3,9,Quadrimestre|SUS_Total_Previsao|SUS_Total_Arrecadado|SUS_Uniao_Previsao|SUS_Uniao_Arrecadado|SUS_Estados_Previsao|SUS_Estados_Arrecadado|Percentual_ASPS|Fonte_PDF,,,,,
data/public/sorocaba/saude/saida/rreo_receitas_sus_sorocaba_2022.csv,public,saude,2022,csv,526,,publicado,3,9,Quadrimestre|SUS_Total_Previsao|SUS_Total_Arrecadado|SUS_Uniao_Previsao|SUS_Uniao_Arrecadado|SUS_Estados_Previsao|SUS_Estados_Arrecadado|Percentual_ASPS|Fonte_PDF,,,,,
data/public/sorocaba/saude/saida/rreo_receitas_sus_sorocaba_2023.csv,public,saude,2023,csv,528,,publicado,3,9,Quadrimestre|SUS_Total_Previsao|SUS_Total_Arrecadado|SUS_Uniao_Previsao|SUS_Uniao_Arrecadado|SUS_Estados_Previsao|SUS_Estados_Arrecadado|Percentual_ASPS|Fonte_PDF,,,,,
data/public/sorocaba/saude/saida/rreo_receitas_sus_sorocaba_2024.csv,public,saude,2024,csv,532,,publicado,3,9,Quadrimestre|SUS_Total_Previsao|SUS_Total_Arrecadado|SUS_Uniao_Previsao|SUS_Uniao_Arrecadado|SUS_Estados_Previsao|SUS_Estados_Arrecadado|Percentual_ASPS|Fonte_PDF,,,,,
data/public/sorocaba/saude/saida/rreo_receitas_sus_sorocaba_2025.csv,public,saude,2025,csv,534,,publicado,3,9,Quadrimestre|SUS_Total_Previsao|SUS_Total_Arrecadado|SUS_Uniao_Previsao|SUS_Uniao_Arrecadado|SUS_Estados_Previsao|SUS_Estados_Arrecadado|Percentual_ASPS|Fonte_PDF,,,,,
data/public/sorocaba/seguranca/saida/despesas_seguranca_sorocaba_2020.csv,public,seguranca,2020,csv,617,,publicado,3,7,Subfuncao|Empenhada|Liquidada|Paga|Restos_Nao_Processados|Restos_Processados|Fonte_URL,,,,,
data/public/sorocaba/seguranca/saida/despesas_seguranca_sorocaba_2021.csv,public,seguranca,2021,csv,621,,publicado,3,7,Subfuncao|Empenhada|Liquidada|Paga|Restos_Nao_Processados|Restos_Processados|Fonte_URL,,,,,
data/public/sorocaba/seguranca/saida/despesas_seguranca_sorocaba_2022.csv,public,seguranca,2022,csv,998,,publicado,5,7,Subfuncao|Empenhada|Liquidada|Paga|Restos_Nao_Processados|Restos_Processados|Fonte_URL,,,,,
data/public/sorocaba/seguranca/saida/despesas_seguranca_sorocaba_2023.csv,public,seguranca,2023,csv,999,,publicado,5,7,Subfuncao|Empenhada|Liquidada|Paga|Restos_Nao_Processados|Restos_Processados|Fonte_URL,,,,,
data/public/sorocaba/seguranca/saida/despesas_seguranca_sorocaba_2024.csv,public,seguranca,2024,csv,984,,publicado,5,7,Subfuncao|Empenhada|Liquidada|Paga|Restos_Nao_Processados|Restos_Processados|Fonte_URL,,,,,
data/public/sorocaba/seguranca/saida/despesas_seguranca_sorocaba_2025.csv,public,seguranca,2025,csv,981,,publicado,5,7,Subfuncao|Empenhada|Liquidada|Paga|Restos_Nao_Processados|Restos_Processados|Fonte_URL,,,,,
data/public/sorocaba/seguranca/saida/rreo_seguranca_sorocaba_2020.csv,public,seguranca,2020,csv,426,,publicado,1,10,Ano|Dotacao_Inicial|Dotacao_Atualizada|Empenhado|Intra_Empenhado|Liquidado|Intra_Liquidado|Pct_Orcamento|Total_Municipal_Empenhado|Fonte_URL,,,,,
data/public/sorocaba/seguranca/saida/rreo_seguranca_sorocaba_2021.csv,public,seguranca,2021,csv,426,,publicado,1,10,Ano|Dotacao_Inicial|Dotacao_Atualizada|Empenhado|Intra_Empenhado|Liquidado|Intra_Liquidado|Pct_Orcamento|Total_Municipal_Empenhado|Fonte_URL,,,,,
data/public/sorocaba/seguranca/saida/rreo_seguranca_sorocaba_2022.csv,public,seguranca,2022,csv,426,,publicado,1,10,Ano|Dotacao_Inicial|Dotacao_Atualizada|Empenhado|Intra_Empenhado|Liquidado|Intra_Liquidado|Pct_Orcamento|Total_Municipal_Empenhado|Fonte_URL,,,,,
data/public/sorocaba/seguranca/saida/rreo_seguranca_sorocaba_2023.csv,public,seguranca,2023,csv,426,,publicado,1,10,Ano|Dotacao_Inicial|Dotacao_Atualizada|Empenhado|Intra_Empenhado|Liquidado|Intra_Liquidado|Pct_Orcamento|Total_Municipal_Empenhado|Fonte_URL,,,,,
data/public/sorocaba/seguranca/saida/rreo_seguranca_sorocaba_2024.csv,public,seguranca,2024,csv,428,,publicado,1,10,Ano|Dotacao_Inicial|Dotacao_Atualizada|Empenhado|Intra_Empenhado|Liquidado|Intra_Liquidado|Pct_Orcamento|Total_Municipal_Empenhado|Fonte_URL,,,,,
data/public/sorocaba/seguranca/saida/rreo_seguranca_sorocaba_2025.csv,public,seguranca,2025,csv,428,,publicado,1,10,Ano|Dotacao_Inicial|Dotacao_Atualizada|Empenhado|Intra_Empenhado|Liquidado|Intra_Liquidado|Pct_Orcamento|Total_Municipal_Empenhado|Fonte_URL,,,,,
data/public/sorocaba/transporte/saida/dca_transporte_sorocaba_2020.csv,public,transporte,2020,csv,260,,publicado,1,7,Ano|Empenhado|Liquidado|Pago|RP_Nao_Processado|RP_Processado|Fonte_URL,,,,,
data/public/sorocaba/transporte/saida/dca_transporte_sorocaba_2021.csv,public,transporte,2021,csv,260,,publicado,1,7,Ano|Empenhado|Liquidado|Pago|RP_Nao_Processado|RP_Processado|Fonte_URL,,,,,
data/public/sorocaba/transporte/saida/dca_transporte_sorocaba_2022.csv,public,transporte,2022,csv,274,,publicado,1,7,Ano|Empenhado|Liquidado|Pago|RP_Nao_Processado|RP_Processado|Fonte_URL,,,,,
data/public/sorocaba/transporte/saida/dca_transporte_sorocaba_2023.csv,public,transporte,2023,csv,272,,publicado,1,7,Ano|Empenhado|Liquidado|Pago|RP_Nao_Processado|RP_Processado|Fonte_URL,,,,,
data/public/sorocaba/transporte/saida/dca_transporte_sorocaba_2024.csv,public,transporte,2024,csv,270,,publicado,1,7,Ano|Empenhado|Liquidado|Pago|RP_Nao_Processado|RP_Processado|Fonte_URL,,,,,
data/public/sorocaba/transporte/saida/dca_transporte_sorocaba_2025.csv,public,transporte,2025,csv,270,,publicado,1,7,Ano|Empenhado|Liquidado|Pago|RP_Nao_Processado|RP_Processado|Fonte_URL,,,,,
data/public/sorocaba/transporte/saida/rreo_transporte_sorocaba_2020.csv,public,transporte,2020,csv,414,,publicado,1,10,Ano|Dotacao_Inicial|Dotacao_Atualizada|Empenhado|Intra_Empenhado|Liquidado|Intra_Liquidado|Pct_Orcamento|Total_Municipal_Empenhado|Fonte_URL,,,,,
data/public/sorocaba/transporte/saida/rreo_transporte_sorocaba_2021.csv,public,transporte,2021,csv,415,,publicado,1,10,Ano|Dotacao_Inicial|Dotacao_Atualizada|Empenhado|Intra_Empenhado|Liquidado|Intra_Liquidado|Pct_Orcamento|Total_Municipal_Empenhado|Fonte_URL,,,,,
data/public/sorocaba/transporte/saida/rreo_transporte_sorocaba_2022.csv,public,transporte,2022,csv,427,,publicado,1,10,Ano|Dotacao_Inicial|Dotacao_Atualizada|Empenhado|Intra_Empenhado|Liquidado|Intra_Liquidado|Pct_Orcamento|Total_Municipal_Empenhado|Fonte_URL,,,,,
data/public/sorocaba/transporte/saida/rreo_transporte_sorocaba_2023.csv,public,transporte,2023,csv,427,,publicado,1,10,Ano|Dotacao_Inicial|Dotacao_Atualizada|Empenhado|Intra_Empenhado|Liquidado|Intra_Liquidado|Pct_Orcamento|Total_Municipal_Empenhado|Fonte_URL,,,,,
data/public/sorocaba/transporte/saida/rreo_transporte_sorocaba_2024.csv,public,transporte,2024,csv,427,,publicado,1,10,Ano|Dotacao_Inicial|Dotacao_Atualizada|Empenhado|Intra_Empenhado|Liquidado|Intra_Liquidado|Pct_Orcamento|Total_Municipal_Empenhado|Fonte_URL,,,,,
data/public/sorocaba/transporte/saida/rreo_transporte_sorocaba_2025.csv,public,transporte,2025,csv,427,,publicado,1,10,Ano|Dotacao_Inicial|Dotacao_Atualizada|Empenhado|Intra_Empenhado|Liquidado|Intra_Liquidado|Pct_Orcamento|Total_Municipal_Empenhado|Fonte_URL,,,,,
data/manifests/arquivos_grandes_execucao_sorocaba.csv,manifests,,,csv,5439,,controle,13,11,municipio|ano|documento|url|tamanho_kb|tamanho_estimado_mb|arquivo_bruto_esperado|status_download|status_processamento|prioridade|observacao,,,,,
data/manifests/arquivos_grandes_execucao_sorocaba_local.csv,manifests,,,csv,1926,,controle,13,9,municipio|ano|documento|arquivo_bruto_esperado|existe_localmente|path_local|tamanho_bytes_local|sha256|inventariado_em,path_local=12;tamanho_bytes_local=12;sha256=12,,,,
data/manifests/auditoria_cobertura_sorocaba.csv,manifests,,,csv,50021,,controle,173,16,arquivo|camada|tema|ano|extensao|bytes|sha256|status_publicacao|linhas|colunas|nomes_colunas|colunas_com_vazios|paginas_pdf|paginas_pdf_com_texto|palavras_amostra_10_paginas|observacao,tema=13;ano=15;sha256=173;linhas=1;colunas=3;nomes_colunas=3;colunas_com_vazios=146;paginas_pdf=173;paginas_pdf_com_texto=173;palavras_amostra_10_paginas=173;observacao=173,,,,
data/manifests/datasets.csv,manifests,,,csv,6519,,controle,33,9,Area|Tipo|Descricao|Anos|Fonte|Sistema|Frequencia|Arquivo_Padrao|Origem_Dir,,,,,
data/manifests/extratores_formatos.csv,manifests,,,csv,7486,,controle,21,11,dominio|documento|formato_id|anos_conhecidos|sinais_deteccao|extrator|args_base|saida_esperada|validacao|status|observacao,,,,,
data/manifests/fontes_execucao_sorocaba.csv,manifests,,,csv,5980,,controle,12,13,municipio|ano|documento|status|fonte_nome|fonte_url|arquivo_bruto_esperado|arquivo_extraido|tamanho_kb|script_download|script_extracao|validacao_local|observacao,tamanho_kb=2,,,,
data/manifests/fontes_mapa_financeiro_sorocaba.csv,manifests,,,csv,5077,,controle,24,7,grupo|fonte|url|dados_esperados|periodicidade_alvo|status_projeto|observacao,,,,,
data/manifests/inventario_fontes_sorocaba.csv,manifests,,,csv,11268,,controle,55,11,orgao|area|tipo_dado|url|periodicidade|anos_disponiveis|formato|status|prioridade|proximo_passo|observacao,,,,,
data/manifests/README.md,manifests,,,md,2040,,controle,,,,,,,,
data/manifests/sorocaba_100_auditavel.csv,manifests,,,csv,34379,,controle,55,25,data_referencia|municipio|periodo_alvo|orgao|area|tipo_dado|prioridade|status_fonte_original|status_auditavel|url|periodicidade|anos_disponiveis_declarados|granularidade_alvo|formato|metodo_acesso|script_existente|comando_coleta_bruta|camada_destino|publicacao_autorizada|evidencia_local|bloqueio_atual|pedido_lai|agente_responsavel|proximo_passo|observacao,,,,,
data/manifests/sorocaba_100_execucao_2026-05-21.csv,manifests,,2026,csv,1707,,controle,4,8,data|frente|comando|status|raw_status|extracted_status|public_status|bloqueio,,,,,
data/manifests/validacao_despesa_vertical_sorocaba_2021.csv,manifests,,2021,csv,410,,controle,1,13,municipio|ano|pdf_candidatos_data|pdf_paginas_com_data|despesa_registros|fornecedor_registros|cobertura_pdf|despesa_csv|sem_par_fornecedor_codigo_nota|registros_com_campos_herdados|campos_obrigatorios_vazios|status_publicacao|observacao,campos_obrigatorios_vazios=1,,,,
data/manifests/validacao_despesa_vertical_sorocaba_2021_extracted.csv,manifests,,2021,csv,571,,controle,1,13,municipio|ano|pdf_candidatos_data|pdf_paginas_com_data|despesa_registros|fornecedor_registros|cobertura_pdf|despesa_csv|sem_par_fornecedor_codigo_nota|registros_com_campos_herdados|campos_obrigatorios_vazios|status_publicacao|observacao,,,,,
data/manifests/validacao_execucao_sorocaba.csv,manifests,,,csv,2510,,controle,6,11,municipio|ano|escopo|status|fornecedor_registros|despesa_registros|cobertura_despesa_fornecedor|raw_dir|extracted_dir|validacao_local|observacao,,,,,
data/manifests/validacao_fornecedores_agregado_sorocaba.csv,manifests,,,csv,1791,,controle,6,10,municipio|ano|status|movimentos_extraidos|recebedores_agregados|credito_diff|debito_diff|arquivo_validado|script|observacao,,,,,
data/manifests/validacao_restos_sorocaba.csv,manifests,,,csv,1706,,controle,6,8,municipio|ano|status|movimentos_extraidos|recebedores_agregados|arquivo_validado|script|observacao,,,,,
